품목제조번호,제품명,분류,업체명,성상,성분,섭취방법,효능,주의사항,보관방법,제품형태,이미지
200400150831735,한미양행 프리미엄 마그네슘 400,기타,주식회사한미양행,"고유의 향미를 지니고 이미, 이취가 없는 빨간 주황색의 점박이가 있는 노란 하얀색의 타원형 정제","비타민 A, 베타카로틴, 비타민 D, 비타민 B12, 마그네슘, 구리, 망간","1일 1회, 1회 1정을 충분한 물과 함께 섭취.","①어두운 곳에서 시각 적응을 위해 필요②피부와 점막을 형성하고 기능을 유지하는데 필요③상피세포의 성장과 발달에 필요

(1) 어두운 곳에서 시각 적응을 위해 필요
(2) 피부와 점막을 형성하고 기능을 유지하는데 필요
(3) 상피세포의 성장과 발달에 필요

①칼슘과 인이 흡수되고 이용되는데 필요②뼈의 형성과 유지에 필요③골다공증발생 위험 감소에 도움을 줌

(1) 정상적인 엽산 대사에 필요

①에너지 이용에 필요②신경과 근육 기능 유지에 필요

①철의 운반과 이용에 필요②유해산소로부터 세포를 보호하는데 필요

①뼈 형성에 필요②에너지 이용에 필요③유해산소로부터 세포를 보호하는데 필요","(1) 흡연자는 섭취 시 전문가와 상담할 것
(2) 이상사례 발생 시 섭취를 중단하고 전문가와 상담할 것
(가) 고칼슘혈증이 있거나 의약품 복용 시 전문가와 상담할 것
알레르기 체질이신 경우 성분을 확인 한 후 섭취하시기 바랍니다.",,정,/img/nutri/기타/200400150831735.PNG
200400150831880,GNM 건강한 간 밀크씨슬,기타,주식회사한미양행,"고유의 향미를 지니고 이미, 이취가 없는 연한 황갈색 또는 흐린 노란색의 장방형 제피정제.","밀크씨슬(카르두스 마리아누스) 추출물, 비타민 B1, 비타민 B2, 나이아신, 판토텐산, 비타민 B6","1일 1회, 1회 1정을 충분한 물과 함께 섭취","① 간 건강에 도움을 줄 수 있음

(1) 탄수화물과 에너지 대사에 필요

(1) 체내 에너지 생성에 필요

①체내 에너지 생성에 필요

(1) 지방, 탄수화물, 단백질 대사와 에너지 생성에 필요

①단백질 및 아미노산 이용에 필요②혈액의 호모시스테인 수준을 정상으로 유지하는데 필요","(가) 어린이, 임산부 및 수유부는 섭취를 피할 것
(나) 알레르기 반응이 나타나는 경우에는 섭취 중단
(다) 설사, 위통, 복부팽만 등의 위장관계 장애가 나타나는 경우에는 섭취에 주의
(라) 이상사례 발생 시 섭취를 중단하고 전문가와 상담할 것
알레르기 체질이신 경우 성분을 확인 한 후 섭취하시기 바랍니다.",,정,/img/nutri/기타/200400150831880.jpg
20040015162455,웰빙프라임 N-아세틸글루코사민,기타,(주)허브큐어,"고유의 향미가 있고 이미,이취가 없는 불규칙한 점박이가 있는 하양색의 타원형 제피정제","NAG(엔에이지, N-아세틸글루코사민, N-Acetylglucosamine), 비타민D","1일 2회, 1회 1정을 충분한 물과 함께 섭취 하십시오.","NAG(N-아세틸글루코사민) :  관절 및 연골 건강에 도움을 줄 수 있음
비타민D 
(가) 칼슘과 인이 흡수되고 이용되는데 필요
(나) 뼈의 형성과 유지에 필요
(다) 골다공증발생 위험 감소에 도움을 줌","(가) 고칼슘혈증이 있거나 의약품 복용 시 전문가와 상담할 것
(나) 이상사례 발생 시 섭취를 중단하고 전문가와 상담할 것

게 또는 새우에 알레르기가 있는 사람은 섭취에 주의",,정,/img/nutri/기타/20040015162455.PNG
200400200021083,일동폴리코사놀,기타,코스맥스바이오(주),밝은 갈색의 내용물을 함유한 암갈색의 연질캡슐.,"비타민E, 폴리코사놀-사탕수수 왁스알코올(2006-4)","1일 1회, 1회 1캡슐을 충분한 물과 함께 섭취하십시오.","[폴리코사놀-사탕수수 왁스알코올(2006-4)]높은 혈중 콜레스테롤 수치개선에 도움이 됨(기타기능 I)
[비타민E]①유해산소로부터 세포를 보호하는데 필요","[폴리코사놀-사탕수수 왁스알코올(2006-4)]①일일 섭취량보다 과다하게 섭취하지 않도록 주의하시기 바랍니다. ②콜레스테롤 함성에 영향을 줄 수 있으므로 임산부, 수유부, 영유아, 어린이, 청소년은 섭취하지 않는 것이 좋습니다. ③콜레스테롤 저하를 위한 의약품과 함께 섭취하지 않도록 하여야 합니다. ④혈액응고를 저해할 수 있으므로 주의하여 사용하시기 바랍니다.
섭취 시 목에 걸리거나 불편할 수 있으므로 반드시 물과 함께 섭취하십시오. 
섭취 시 위장장애, 소화불량의 증상이 있을 경우 섭취를 중단하십시오. 
개인의 신체 상태에 따라 이상 증상이 생길 경우 섭취를 중단하십시오. 
섭취 전 제품에 이상이 있는 경우 섭취를 금하십시오.
특정 원료 성분에 알레르기 체질은 원료 성분을 확인 후 섭취하십시오.",,캡슐,/img/nutri/기타/200400200021083.jpg
200400200072540,베라라이프 피부속히알루론산,기타,(주)한국씨엔에스팜,고유의 향미가 있고 이미·이취가 없는 하양색의 내용물을 함유한 투명한 경질캡슐,"비타민 A, 히알루론산","1일 1회, 1회 3캡슐을 물과 함께 섭취하십시오.","[히알루론산] 피부보습·자외선에 의한 피부손상으로부터 피부건강 유지에 도움을 줄 수 있음

[비타민A] ①어두운 곳에서 시각 적응을 위해 필요②피부와 점막을 형성하고 기능을 유지하는데 필요③상피세포의 성장과 발달에 필요","1) 유통기한을 확인하시기 바라며, 섭취량 및 섭취방법을 준수하시기 바랍니다.
2) 특이체질, 알레르기 체질의 경우 성분을 확인하시고 섭취하여 주시기 바랍니다.",,캡슐,/img/nutri/기타/200400200072540.jpg
20040020028701,닥터팜 코큐텐 밀크씨슬,기타,(주)유니쎌팜,"고유의 향미가 있고 이미, 이취가 없는 진한 노랑색의 내용물을 함유한 검정색의 연질캡슐","코엔자임Q10, 밀크씨슬(카르두스 마리아누스) 추출물","1일 1회,1회 1캡슐을 충분한 물과 함께 섭취하십시오.","①항산화·높은 혈압 감소에 도움을 줄 수 있음

① 간 건강에 도움을 줄 수 있음","(가) 어린이, 임산부 및 수유부는 섭취를 피할 것
(나) 알레르기 반응이 나타나는 경우에는 섭취 중단
(다) 설사, 위통, 복부팽만 등의 위장관계 장애가 나타나는 경우에는 섭취에 주의
(라) 이상사례 발생 시 섭취를 중단하고 전문가와 상담할 것",,캡슐,/img/nutri/기타/20040020028701.jpg
200600200031489,셀로맥스 요오드,기타,콜마비앤에이치(주)음성공장,"이미, 이취가 없고 고유의 향미가 있는 미황색의 제피정제",요오드,"1일 1회, 1회 1정을 물과 함께 섭취하십시오.",요오드 : 1)갑상선 호르몬의 합성에 필요 2)에너지 생성에 필요 3)신경발달에 필요,"특이체질, 알레르기 체질의 경우에는 간혹 개인에 따라 과민반응을 나타낼 수 있으므로 원료를 확인한 후 섭취하십시오. 유통기한이 경과된 제품은 섭취하지 마십시오. 용기안의 방습제는 섭취하지 마십시오. 원료의 특성상 약간의 색상변화가 있거나 손에 묻어날 수 있으나 품질에는 이상이 없으므로 안심하고 섭취하십시오.",,정,/img/nutri/기타/200600200031489.png
20172880193169,푸름웰니스 프리미엄 비타민B B1 B2 B6 B12 500mg x 180정,기타,대원헬스케어 주식회사 2공장,"고유의 향미가 있고 이미, 이취가 없는 연한 노랑색의 장방형 제피정제","비타민 B1, 비타민 B2, 비타민 B6, 비타민 B12","1일 1회, 1회 1정을 충분한 물과 함께 드십시오.","비타민B1- (1) 탄수화물과 에너지 대사에 필요

비타민B2 - (1) 체내 에너지 생성에 필요

비타민B6- ①단백질 및 아미노산 이용에 필요 ②혈액의 호모시스테인 수준을 정상으로 유지하는데 필요

비타민B12- (1) 정상적인 엽산 대사에 필요","비타민B1- (1) 이상사례 발생 시 섭취를 중단하고 전문가와 상담할 것
비타민B2- (1) 이상사례 발생 시 섭취를 중단하고 전문가와 상담할 것
비타민B12- (1) 이상사례 발생 시 섭취를 중단하고 전문가와 상담할 것",,정,/img/nutri/기타/20172880193169.jpg
20180012174227,원더 포스트 프로바이오틱스 엽산 블라썸,기타,(주)메디오젠 충주공장,"이미, 이취가 없고 고유의 향미가 있는 연한 주황색의 분말","프로바이오틱스, 아연, 엽산, 비타민 D","1일 1회, 1회 1포를 직접 섭취하거나 물과 함께 섭취하십시오.","유산균 증식 및 유해균 억제·배변활동 원활·장건강에 도움을 줄 수 있음

①정상적인 면역기능에 필요②정상적인 세포분열에 필요

①세포와 혈액생성에 필요②태아 신경관의 정상 발달에 필요③혈액의 호모시스테인 수준을 정상으로 유지하는데 필요

①칼슘과 인이 흡수되고 이용되는데 필요②뼈의 형성과 유지에 필요③골다공증발생 위험 감소에 도움을 줌","(가) 질환이 있거나 의약품 복용 시 전문가와 상담할 것
(나) 알레르기 체질 등은 개인에 따라 과민반응을 나타낼 수 있음
(다) 어린이가 함부로 섭취하지 않도록 일일섭취량 방법을 지도할 것
(라) 이상사례 발생 시 섭취를 중단하고 전문가와 상담할 것





(가) 고칼슘혈증이 있거나 의약품 복용 시 전문가와 상담할 것
(나) 이상사례 발생 시 섭취를 중단하고 전문가와 상담할 것",,분말,/img/nutri/기타/20180012174227.jpg
2022002106727,활력비타민B맥스,기타,한국바이오팜(주)2공장,"고유의 향미가 있고 이미, 이취가 없는 주황색의 장방형 정제","비오틴, 엽산, 비타민 B12, 비타민 B2, 나이아신, 판토텐산, 비타민 B6, 비타민 B1","1일 1회, 1회 1정을 물과 함께 섭취한다.","[비타민B1] (1) 탄수화물과 에너지 대사에 필요

[비타민B6] ①단백질 및 아미노산 이용에 필요②혈액의 호모시스테인 수준을 정상으로 유지하는데 필요

[판토텐산] (1) 지방, 탄수화물, 단백질 대사와 에너지 생성에 필요

[나이아신] ①체내 에너지 생성에 필요

[비타민B2] (1) 체내 에너지 생성에 필요

[비타민B12] (1) 정상적인 엽산 대사에 필요

[엽산] ①세포와 혈액생성에 필요②태아 신경관의 정상 발달에 필요③혈액의 호모시스테인 수준을 정상으로 유지하는데 필요

[비오틴] (1) 지방, 탄수화물, 단백질 대사와 에너지 생성에 필요","① 알레르기, 특이체질이신 경우 성분을 확인하신 후 섭취하시기 바랍니다.
② 이상사례 발생 시 섭취를 중단하고 전문가와 상담하십시오.
③ 흡습의 우려가 있으니 개봉한 제품은 가급적 빨리 섭취하시기 바랍니다.
④ 실리카겔은 섭취하지 마십시오.",,정,/img/nutri/기타/2022002106727.jpg
2004001509016,프로틴 밸런스 &바디,단백질,일동후디스주식회사,"고유의 향미가 있고, 이미·이취가 없으며, 연한 노랑색의 입자성이 있는 분말","단백질, 칼슘, 아연, 비타민D, 난소화성말토덱스트린, 나이아신, 가르시니아캄보지아 추출물, 히알루론산",1일 1회 캔에 동봉된 스푼을 이용하여 물 또는 우유 160~200mL에 본 제품 3스푼(38g) 또는 스틱 1포(38g) 또는 2포(38g)를 개봉하여 넣은 후 혼합하여 음용한다.,"[단백질] 1)근육, 결합조직 등 신체조직의 구성성분. 2)효소, 호르몬, 항체의 구성에 필요. 3)체내 필수 영양성분이나 활성물질의 운반과 저장에 필요. 4)체액, 산-염기의 균형 유지에 필요. 5)에너지, 포도당, 지질의 합성에 필요. 
[가르시니아캄보지아추출물] 1)탄수화물이 지방으로 합성되는 것을 억제하여 체지방 감소에 도움을 줄 수 있음. 
[난소화성말토덱스린] 1)배변활동 원활에 도움을 줄 수 있음. 
[히알루론산] 1)피부보습에 도움을 줄 수 있음. 
[칼슘] 1)뼈와 치아 형성에 필요. 2)신경과 근육 기능 유지에 필요. 3)정상적인 혈액응고에 필요. 4)골다공증발생 위험 감소에 도움을 줌. 
[비타민 D] 1)칼슘과 인이 흡수되고 이용되는데 필요. 2)뼈의 형성과 유지에 필요. 3)골다공증발생 위험 감소에 도움을 줌. 
[아연] 1)정상적인 면역기능에 필요. 2)정상적인 세포분열에 필요. 
[나이아신] 1)체내 에너지 생성에 필요.","특정 단백질에 알레르기를 나타내는 경우에는 섭취에 주의하십시오. 
고칼슘혈증이 있거나 의약품 복용 시 전문가와 상담하십시오. 
반드시 충분한 물과 함께 섭취하십시오. 
어린이, 임산부 및 수유부는 섭취를 피하여 주십시오. 
간·신장·심장질환, 알레르기 및 천식이 있거나 의약품 복용 시 전문가와 상담하십시오. 
이상 증상이 생길 경우 섭취를 중단하시고, 전문가와 상담하십시오.",,분말,/img/nutri/단백질/2004001509016.PNG
2004001509022,하이뮨 프로틴 밸런스,단백질,일동후디스주식회사,"고유의 향미가 있고, 이미, 이취가 없는 무광택의 노랑하양 색상의 입자성이 있는 과립형 분말","단백질, 프락토올리고당, 칼슘, 마그네슘, 아연, 비타민D, 비타민 B6, 판토텐산, 비오틴, 셀레늄(또는 셀렌)",1일 1회 캔에 동봉된 스푼을 이용하여 물 150~200mL에 본 제품 3스푼(38g) 또는 스틱 2포(38g)을 개봉하여 넣은 후 혼합하여 음용한다.,"①근육, 결합조직 등 신체조직의 구성성분②효소, 호르몬, 항체의 구성에 필요③체내 필수 영양성분이나 활성물질의 운반과 저장에 필요④체액, 산-염기의 균형 유지에 필요⑤에너지, 포도당, 지질의 합성에 필요

장내 유익균 증식 및 배변활동 원활에 도움을 줄 수 있음

①뼈와 치아 형성에 필요②신경과 근육 기능 유지에 필요③정상적인 혈액응고에 필요④골다공증발생 위험 감소에 도움을 줌

①에너지 이용에 필요②신경과 근육 기능 유지에 필요

①정상적인 면역기능에 필요②정상적인 세포분열에 필요

①칼슘과 인이 흡수되고 이용되는데 필요②뼈의 형성과 유지에 필요③골다공증발생 위험 감소에 도움을 줌

①단백질 및 아미노산 이용에 필요②혈액의 호모시스테인 수준을 정상으로 유지하는데 필요

(1) 지방, 탄수화물, 단백질 대사와 에너지 생성에 필요

(1) 지방, 탄수화물, 단백질 대사와 에너지 생성에 필요

①유해산소로부터 세포를 보호하는데 필요","특정 단백질에 알레르기를 나타내는 경우에는 섭취 주의

(가) 섭취 시 가스참, 트림, 복통, 복부팽만감 등이 발생할 수 있음
(나) 이상사례 발생 시 섭취를 중단하고 전문가와 상담할 것







(가) 고칼슘혈증이 있거나 의약품 복용 시 전문가와 상담할 것
(나) 이상사례 발생 시 섭취를 중단하고 전문가와 상담할 것



(1)

(1) 이상사례 발생 시 섭취를 중단하고 전문가와 상담할 것",,분말,/img/nutri/단백질/2004001509022.PNG
200400170211098,커브스 프로틴 코코아맛,단백질,(주)비오팜,"고유의 향미가 있고 이미, 이취가 없는 흐린 갈색의 분말","단백질, 비타민 B6","1일 1회, 1회 1포를 150~200ml의 물 또는 우유, 두유에 타서 섭취하십시오.","[단백질] ①근육, 결합조직 등 신체조직의 구성성분②효소, 호르몬, 항체의 구성에 필요③체내 필수 영양성분이나 활성물질의 운반과 저장에 필요④체액, 산-염기의 균형 유지에 필요⑤에너지, 포도당, 지질의 합성에 필요

[비타민B6] ①단백질 및 아미노산 이용에 필요②혈액의 호모시스테인 수준을 정상으로 유지하는데 필요",특정 단백질에 알레르기를 나타내는 경우에는 섭취 주의,,분말,/img/nutri/단백질/200400170211098.PNG
200400200082312,일동 면역+프로틴 프리미엄,단백질,주식회사 노바렉스,고유의 향미가 있고 이미·이취가 없는 흰 노란색의 분말,"단백질, 비타민 B6, 비타민 D, 아연, 마그네슘, 칼슘, 프락토올리고당","1일 1회, 1회 1포를 물 또는 우유에 타서 섭취하십시오.","①근육, 결합조직 등 신체조직의 구성성분②효소, 호르몬, 항체의 구성에 필요③체내 필수 영양성분이나 활성물질의 운반과 저장에 필요④체액, 산-염기의 균형 유지에 필요⑤에너지, 포도당, 지질의 합성에 필요
장내 유익균 증식 및 배변활동 원활에 도움을 줄 수 있음
①뼈와 치아 형성에 필요②신경과 근육 기능 유지에 필요③정상적인 혈액응고에 필요④골다공증발생 위험 감소에 도움을 줌
①에너지 이용에 필요②신경과 근육 기능 유지에 필요
①정상적인 면역기능에 필요②정상적인 세포분열에 필요
①칼슘과 인이 흡수되고 이용되는데 필요②뼈의 형성과 유지에 필요③골다공증발생 위험 감소에 도움을 줌
①단백질 및 아미노산 이용에 필요②혈액의 호모시스테인 수준을 정상으로 유지하는데 필요","특정질환, 특이체질, 알레르기체질, 임산부의 경우에는 간혹 개인에 따라 과민반응이 나타날 수 있으므로 원료를 확인하시고, 섭취전에 전문가와 상담하시기 바랍니다.
특정 단백질에 알레르기를 나타내는 경우에는 섭취 주의
(가) 섭취 시 가스참, 트림, 복통, 복부팽만감 등이 발생할 수 있음
(나) 이상사례 발생 시 섭취를 중단하고 전문가와 상담할 것
(가) 고칼슘혈증이 있거나 의약품 복용 시 전문가와 상담할 것
(나) 이상사례 발생 시 섭취를 중단하고 전문가와 상담할 것",,분말,/img/nutri/단백질/200400200082312.jpg
200600200032268,애터미 트리플 업 프로틴,단백질,콜마비앤에이치(주)음성공장,"고유의 향미가 있고 이미, 이취가 없는 밝은 회황색의 분말",단백질,"1일 2회, 1회 1포를 물 또는 우유 120 mL에 타서 잘 섞은 후 섭취하십시오.","단백질 :  (가) 근육, 결합조직 등 신체조직의 구성성분
            (나) 효소, 호르몬, 항체의 구성에 필요
            (다) 체내 필수 영양성분이나 활성물질의 운반과 저장에 필요
            (라) 체액, 산-염기의 균형 유지에 필요
            (마) 에너지, 포도당, 지질의 합성에 필요","- 특이체질, 알레르기 체질의 경우에는 간혹 개인에 따라 과민반응을 나타낼 수 있으므로 원료를 확인한 후 섭취하십시오.
- 특정 단백질에 알레르기를 나타내는 경우에는 섭취에 주의하십시오.",,분말,/img/nutri/단백질/200600200032268.jpg
200700170352054,이뮨원 그린 프로틴,단백질,코스맥스엔비티(주),고유의 향미가 있고 이미·이취가 없는 흰 노란색의 분말,"비타민 C, 아연, 비타민 D, 비타민 B6, 마그네슘, 칼슘, 단백질","1일 1회, 1회 30g (2스푼)을 물 200ml에 타서 섭취하십시오.","[단백질]
①근육, 결합조직 등 신체조직의 구성성분
②효소, 호르몬, 항체의 구성에 필요
③체내 필수 영양성분이나 활성물질의 운반과 저장에 필요
④체액, 산-염기의 균형 유지에 필요
⑤에너지, 포도당, 지질의 합성에 필요

[칼슘]
①뼈와 치아 형성에 필요
②신경과 근육 기능 유지에 필요
③정상적인 혈액응고에 필요
④골다공증발생 위험 감소에 도움을 줌

[마그네슘]
①에너지 이용에 필요
②신경과 근육 기능 유지에 필요

[비타민B6]
①단백질 및 아미노산 이용에 필요
②혈액의 호모시스테인 수준을 정상으로 유지하는데 필요

[비타민D]
①칼슘과 인이 흡수되고 이용되는데 필요
②뼈의 형성과 유지에 필요
③골다공증발생 위험 감소에 도움을 줌

[아연]
①정상적인 면역기능에 필요
②정상적인 세포분열에 필요

[비타민 C]
①결합조직 형성과 기능유지에 필요
②철의 흡수에 필요
③항산화 작용을 하여 유해산소로부터 세포를 보호하는데 필요","특정 단백질에 알레르기를 나타내는 경우에는 섭취 주의
고칼슘혈증이 있거나 의약품 복용 시 전문가와 상담할 것
이상사례 발생 시 섭취를 중단하고 전문가와 상담할 것",,분말,/img/nutri/단백질/200700170352054.png
200700170352060,에버핏 프로틴 밸런스 다이어트,단백질,코스맥스엔비티(주),고유의 향미가 있고 이미·이취가 없는 흰 노랑색의 분말,"가르시니아캄보지아 추출물, 프락토올리고당, 비타민 B6, 비타민 D, 칼슘, 아연, 단백질","1일 1회, 1회 1포를 물 200ml에 타서 섭취하십시오.","[단백질]
①근육, 결합조직 등 신체조직의 구성성분
②효소, 호르몬, 항체의 구성에 필요
③체내 필수 영양성분이나 활성물질의 운반과 저장에 필요
④체액, 산-염기의 균형 유지에 필요
⑤에너지, 포도당, 지질의 합성에 필요

[프락토올리고당]
장내 유익균 증식 및 배변활동 원활에 도움을 줄 수 있음

[가르시니아캄보지아추출물]
탄수화물이 지방으로 합성되는 것을 억제하여 체지방 감소에 도움을 줄 수 있음

[비타민B6]
①단백질 및 아미노산 이용에 필요
②혈액의 호모시스테인 수준을 정상으로 유지하는데 필요

[비타민D]
①칼슘과 인이 흡수되고 이용되는데 필요
②뼈의 형성과 유지에 필요
③골다공증발생 위험 감소에 도움을 줌

[칼슘]
①뼈와 치아 형성에 필요
②신경과 근육 기능 유지에 필요
③정상적인 혈액응고에 필요
④골다공증발생 위험 감소에 도움을 줌

[아연]
①정상적인 면역기능에 필요
②정상적인 세포분열에 필요","어린이, 임산부 및 수유부는 섭취를 피할 것
간·신장·심장질환, 알레르기 및 천식이 있거나 의약품 복용 시 전문가와 상담할 것
이상사례 발생 시 섭취를 중단하고 전문가와 상담할 것
섭취 시 가스참, 트림, 복통, 복부팽만감 등이 발생할 수 있음
고칼슘혈증이 있거나 의약품 복용 시 전문가와 상담할 것
특정 단백질에 알레르기를 나타내는 경우에는 섭취 주의",,분말,/img/nutri/단백질/200700170352060.PNG
2014002002616,바디웰 맛있는 프로틴 알파,단백질,스포츠바이오텍,미황색의 분말로 이미 이취가 없다.,단백질,"1일 2회, 1회 10g을 물, 우유, 두유, 주스에 타서 섭취하십시오.","①근육, 결합조직 등 신체조직의 구성성분②효소, 호르몬, 항체의 구성에 필요③체내 필수 영양성분이나 활성물질의 운반과 저장에 필요④체액, 산-염기의 균형 유지에 필요⑤에너지, 포도당, 지질의 합성에 필요",특정 단백질에 알레르기를 나타내는 경우에는 섭취 주의,,분말,/img/nutri/단백질/2014002002616.jpg
2018001246619,코어틴 그린프로틴,단백질,맥널티바이오(주),"고유의 향미가 있고 이미, 이취가 없는 연한 노란색의 분말","판토텐산, 비타민 B6, 비타민 B1, 아연, 비타민 D, 마그네슘, 칼슘, 단백질","1일 1회, 1회 2스푼(35g)을 250ml 물에 잘 흔들어서 섭취하십시오.","①근육, 결합조직 등 신체조직의 구성성분②효소, 호르몬, 항체의 구성에 필요③체내 필수 영양성분이나 활성물질의 운반과 저장에 필요④체액, 산-염기의 균형 유지에 필요⑤에너지, 포도당, 지질의 합성에 필요

①뼈와 치아 형성에 필요②신경과 근육 기능 유지에 필요③정상적인 혈액응고에 필요④골다공증발생 위험 감소에 도움을 줌

①에너지 이용에 필요②신경과 근육 기능 유지에 필요

①칼슘과 인이 흡수되고 이용되는데 필요②뼈의 형성과 유지에 필요③골다공증발생 위험 감소에 도움을 줌

①정상적인 면역기능에 필요②정상적인 세포분열에 필요

①탄수화물과 에너지 대사에 필요

①단백질 및 아미노산 이용에 필요②혈액의 호모시스테인 수준을 정상으로 유지하는데 필요

①지방, 탄수화물, 단백질 대사와 에너지 생성에 필요","특정 단백질에 알레르기를 나타내는 경우에는 섭취 주의
(가) 고칼슘혈증이 있거나 의약품 복용 시 전문가와 상담할 것
(나) 이상사례 발생 시 섭취를 중단하고 전문가와 상담할 것",,분말,/img/nutri/단백질/2018001246619.PNG
20190009483130,박주홍 박사의 결프로틴 플러스,단백질,우리바이오(주),"고유의 향미가 있고 이미, 이취가 없는 연한 노란색의 분말","단백질, 칼슘, 마그네슘, 비타민 D, 아연, 비타민 B6","물이나 우유, 두유 150~180ml에 1일 1회, 1회 1포씩 넣고 흔들어서 잘 용해하여 섭취하십시오.","①근육, 결합조직 등 신체조직의 구성성분②효소, 호르몬, 항체의 구성에 필요③체내 필수 영양성분이나 활성물질의 운반과 저장에 필요④체액, 산-염기의 균형 유지에 필요⑤에너지, 포도당, 지질의 합성에 필요

①뼈와 치아 형성에 필요②신경과 근육 기능 유지에 필요③정상적인 혈액응고에 필요④골다공증발생 위험 감소에 도움을 줌

①에너지 이용에 필요②신경과 근육 기능 유지에 필요

①칼슘과 인이 흡수되고 이용되는데 필요②뼈의 형성과 유지에 필요③골다공증발생 위험 감소에 도움을 줌

①정상적인 면역기능에 필요②정상적인 세포분열에 필요

①단백질 및 아미노산 이용에 필요②혈액의 호모시스테인 수준을 정상으로 유지하는데 필요","특정 단백질에 알레르기를 나타내는 경우에는 섭취 주의

(가) 고칼슘혈증이 있거나 의약품 복용 시 전문가와 상담할 것
(나) 이상사례 발생 시 섭취를 중단하고 전문가와 상담할 것",,분말,/img/nutri/단백질/20190009483130.jpg
20040016020221,인테로 눈건강 루테인 메타,루테인,(주)케이지앤에프,"고유의 향미가 있고 이미, 이취가 없는 주황색의 내용물을 함유한 흑색의 타원형 연질캡슐","비타민 B2, 비타민 B6, 비타민 A, 비타민 B12, 셀레늄(또는 셀렌), 아연, 비타민 E, 나이아신, 마리골드꽃추출물","1일 1회, 1회 1캡슐 물과 함께 섭취하십시오.","[마리골드꽃추출물]노화로 인해 감소될 수 있는 황반색소밀도를 유지하여 눈 건강에 도움을 줄 수 있음

[나이아신]체내 에너지 생성에 필요

[비타민E]항산화 작용을 하여 유해산소로부터 세포를 보호하는데 필요

[아연] ①정상적인 면역기능에 필요②정상적인 세포분열에 필요

[셀레늄]유해산소로부터 세포를 보호하는데 필요

[비타민B12] 정상적인 엽산 대사에 필요

[비타민A]①어두운 곳에서 시각 적응을 위해 필요②피부와 점막을 형성하고 기능을 유지하는데 필요③상피세포의 성장과 발달에 필요

[비타민B6]①단백질 및 아미노산 이용에 필요②혈액의 호모시스테인 수준을 정상으로 유지하는데 필요

[비타민B2] 체내 에너지 생성에 필요","마리골드꽃추출물

(가) 영‧유아, 어린이, 임산부 및 수유부는 섭취를 피할 것
(나) 흡연자는 섭취 시 전문가와 상담할 것
(다) 과다 섭취 시 일시적으로 피부가 황색으로 변할 수 있음
(라) 이상사례 발생 시 섭취를 중단하고 전문가와 상담할 것",,캡슐,/img/nutri/루테인/20040016020221.jpg
200400170061335,루테인 아스타잔틴 플러스,루테인,(주)알피바이오,"고유의 향미가 있고 이미, 이취가 없으며 진한 빨간색의 내용물을 함유한 검정색의 타원형 연질캡슐","마리골드꽃추출물, 헤마토코쿠스 추출물, 비타민 E, 비타민 A, 비타민 C, 아연","1일 1회, 1회 1캡슐을 충분한 물과 함께 섭취하십시오.","[마리골드꽃추출물] 노화로 인해 감소될 수 있는 황반색소밀도를 유지하여 눈 건강에 도움을 줄 수 있음

[헤마토코쿠스추출물] ①눈의 피로도 개선에 도움을 줄 수 있음

[비타민E] 항산화 작용을 하여 유해산소로부터 세포를 보호하는데 필요

[비타민A] ①어두운 곳에서 시각 적응을 위해 필요②피부와 점막을 형성하고 기능을 유지하는데 필요③상피세포의 성장과 발달에 필요

[비타민C] ①결합조직 형성과 기능유지에 필요②철의 흡수에 필요③항산화 작용을 하여 유해산소로부터 세포를 보호하는데 필요

[아연] ①정상적인 면역기능에 필요②정상적인 세포분열에 필요","[마리골드꽃추출물] 
과다 섭취 시 일시적으로 피부가 황색으로 변할 수 있음

[헤마토코쿠스추출물] 
과다 섭취 시 일시적으로 피부가 황색으로 변할 수 있음
β-카로틴의 흡수를 저해할 수 있음",,캡슐,/img/nutri/루테인/200400170061335.jpg
200400170061527,듀오랩 바이옴 플러스 루테인 아스타잔틴 더블케어,루테인,(주)알피바이오,"고유의 향미가 있고 이미, 이취가 없는 적갈색의 내용물을 함유한 어두운 적갈색의 타원형 연질캡슐","마리골드꽃추출물, 헤마토코쿠스 추출물, 아연, 비타민 A, 비타민 E","1일 1회, 1회 1캡슐을 충분한 물과 함께 섭취하십시오.","[마리골드꽃추출물] 
노화로 인해 감소될 수 있는 황반색소밀도를 유지하여 눈 건강에 도움을 줄 수 있음
[헤마토코쿠스 추출물]
①눈의 피로도 개선에 도움을 줄 수 있음
[아연]
①정상적인 면역기능에 필요②정상적인 세포분열에 필요
[비타민A]
①어두운 곳에서 시각 적응을 위해 필요②피부와 점막을 형성하고 기능을 유지하는데 필요③상피세포의 성장과 발달에 필요
[비타민E]
항산화 작용을 하여 유해산소로부터 세포를 보호하는데 필요","[마리골드꽃추출물]
과다 섭취 시 일시적으로 피부가 황색으로 변할 수 있음

[헤마토코쿠스 추출물]
과다 섭취 시 일시적으로 피부가 황색으로 변할 수 있음
β-카로틴의 흡수를 저해할 수 있음",,캡슐,/img/nutri/루테인/200400170061527.jpg
200400170061638,세노메가 알티지오메가3 루테인 비타민D,루테인,(주)알피바이오,"고유의 향미가 있고 이미, 이취가 없는 밝은 적갈색의 내용물을 함유한 흑갈색의 장방형 장용성 연질캡슐","EPA 및 DHA 함유 유지, 마리골드꽃추출물, 비타민 D, 비타민 E","1일 1회, 1회 1캡슐을 충분한 물과 함께 섭취하십시오.","[EPA 및 DHA 함유 유지]
혈중 중성지질 개선·혈행 개선·건조한 눈을 개선하여 눈 건강에 도움을 줄 수 있음
[마리골드꽃추출물]
노화로 인해 감소될 수 있는 황반색소밀도를 유지하여 눈 건강에 도움을 줄 수 있음
[비타민D]
①칼슘과 인이 흡수되고 이용되는데 필요②뼈의 형성과 유지에 필요③골다공증발생 위험 감소에 도움을 줌
[비타민E]
항산화 작용을 하여 유해산소로부터 세포를 보호하는데 필요","(가) 의약품(항응고제, 항혈소판제, 혈압강하제 등) 복용 시 전문가와 상담할 것
(나) 개인에 따라 피부 관련 이상반응이 발생할 수 있음
(다) 이상사례 발생 시 섭취를 중단하고 전문가와 상담할 것

(가) 영‧유아, 어린이, 임산부 및 수유부는 섭취를 피할 것
(나) 흡연자는 섭취 시 전문가와 상담할 것
(다) 과다 섭취 시 일시적으로 피부가 황색으로 변할 수 있음
(라) 이상사례 발생 시 섭취를 중단하고 전문가와 상담할 것


(가) 고칼슘혈증이 있거나 의약품 복용 시 전문가와 상담할 것
(나) 이상사례 발생 시 섭취를 중단하고 전문가와 상담할 것",,캡슐,/img/nutri/루테인/200400170061638.jpg
200400200023121,닥터에스더 초임계 알티지 오메가&루테인 플러스,루테인,코스맥스바이오(주),"고유의 향미가 있고 이미, 이취가 없는 적갈색의 내용물을 함유한 갈흑색의 타원형 장용성 연질캡슐","EPA 및 DHA 함유 유지, 마리골드꽃추출물, 비타민 E, 셀레늄(또는 셀렌)","1일 1회, 1회 2캡슐을 충분한 물과 함께 섭취하십시오. 1일 2회, 1회 1캡슐을 충분한 물과 함께 섭취하십시오.","1) EPA및DHA함유유지 : 혈중 중성지질 개선 · 혈행 개선 · 건조한 눈을 개선하여 눈 건강에 도움을 줄 수 있음.
2) 마리골드꽃추출물 : 노화로 인해 감소될 수 있는 황반색소밀도를 유지하여 눈 건강에 도움을 줄 수 있음. 
3) 비타민E : 항산화 작용을 하여 유해산소로부터 세포를 보호하는데 필요.
4) 셀렌 : 유해산소로부터 세포를 보호하는데 필요","섭취 시 목에 걸릴 수 있으므로 반드시 물과 함께 섭취하십시오. 
섭취 시 위장장애, 소화불량의 증상이 있을 경우 섭취를 중단하십시오.
개인의 신체 상태에 따라 이상 증상이 생길 경우 섭취를 중단하십시오.
섭취 전 제품에 이상이 있는 경우 섭취를 금하십시오.
특정 원료 성분에 알레르기 체질은 원료 성분을 확인 후 섭취하십시오.
의약품(항응고제, 항혈소판제, 혈압강하제 등) 복용 시 전문가와 상담하십시오.
개인에 따라 피부 관련 이상반응이 발생할 수 있습니다.
이상사례 발생 시 섭취를 중단하고 전문가와 상담하십시오.
영·유아, 어린이, 임산부 및 수유부는 섭취를 피하십시오.
흡연자는 섭취 시 전문가와 상담하십시오.
과다 섭취 시 일시적으로 피부가 황색으로 변할 수 있습니다.",,캡슐,/img/nutri/루테인/200400200023121.jpg
200400200061788,아이클리어 루테인아스타잔틴DS,루테인,(주)서흥,"고유의 향미가 있고 이미, 이취가 없는 진한 빨간색의 점도가 있는 내용물을 함유한 어두운 적갈색의 타원형 연질캡슐","은행잎 추출물, 마리골드꽃추출물, 헤마토코쿠스 추출물, 비타민 C, 셀레늄(또는 셀렌), 베타카로틴, 아연, 비타민 E, 비타민 A, 비타민 B6, 비타민 B1, 비타민 B2","1일 1회, 1회 1캡슐(0.5g)을 충분한 물과 함께 섭취하십시오.","은행잎추출물 : 기억력 개선･혈행 개선에 도움을 줄 수 있음
마리골드꽃추출물 : 노화로 인해 감소될 수 있는 황반색소밀도를 유지하여 눈 건강에 도움을 줄 수 있음
헤마토코쿠스 추출물 : 눈의 피로도 개선에 도움을 줄 수 있음
비타민C : (1) 결합조직 형성과 기능유지에 필요 (2) 철의 흡수에 필요 (3) 항산화 작용을 하여 유해산소로터  세포를 보호하는데 필요
셀렌 : 유해산소로부터 세포를 보호하는데 필요
베타카로틴 : (1) 어두운 곳에서 시각 적응을 위해 필요 (2) 피부와 점막을 형성하고 기능을 유지하는데 필요 (3) 상피세포의 성장과 발달에 필요
아연 : (1) 정상적인 면역기능에 필요 (2) 정상적인 세포분열에 필요
비타민E : 항산화 작용을 하여 유해산소로부터 세포를 보호하는데 필요 
비타민A : (1) 어두운 곳에서 시각 적응을 위해 필요 (2) 피부와 점막을 형성하고 기능을 유지하는데 필요 (3) 상피세포의 성장과 발달에 필요
비타민B6 : (1) 단백질 및 아미노산 이용에 필요 (2) 혈액의 호모시스테인 수준을 정상으로 유지하는데 필요
비타민B1 : 탄수화물과 에너지 대사에 필요
비타민B2 : 체내 에너지 생성에 필요","(1) 임산부, 수유부, 어린이 및 수술전후 환자는 섭취에 주의
(2) 의약품(항응고제) 복용 시 섭취에 주의
(3) 영‧유아, 어린이, 임산부 및 수유부는 섭취를 피할 것
(4) 흡연자는 섭취 시 전문가와 상담할 것
(5) 과다 섭취 시 일시적으로 피부가 황색으로 변할 수 있음
(6) 이상사례 발생 시 섭취를 중단하고 전문가와 상담할 것
(7) β-카로틴의 흡수를 저해할 수 있음",,캡슐,/img/nutri/루테인/200400200061788.jpg
20060020008834,락티브 눈건강 루테인지아잔틴,루테인,주식회사 노바렉스2공장,고유의 향미가 있고 이미·이취가 없는 밝은 갈색의 점도가 있는 내용물을 함유한 갈흑색의 타원형 연질캡슐,루테인지아잔틴복합추출물20%(제2013-23호),"1일 1회, 1회 1캡슐을 물과 함께 섭취하십시오.","(국문) 노화로 인해 감소될 수 있는 황반색소밀도를 유지하여 눈건강에 도움을 줄 수 있음
(영문) May help the eye health by maintaining the density of macular pigments which can be decreased by aging","특정질환, 특이체질, 알레르기체질, 임산부의 경우에는 간혹 개인에 따라 과민반응이 나타날 수 있으므로 원료를 확인하시고, 섭취 전에 전문가와 상담하시기 바랍니다. 
영유아, 어린이, 임산부 및 수유부는 섭취를 피할 것
흡연자는 섭취 시 전문가와 상담할 것
과다 섭취 시 일시적으로 피부가 황색으로 변할 수 있음
이상사례 발생 시 섭취를 중단하고 전문가와 상담할 것",,캡슐,/img/nutri/루테인/20060020008834.jpg
20060020008869,눈건강엔 루테인지아잔틴24,루테인,주식회사 노바렉스2공장,고유의 향미가 있고 이미· 이취가 없는 주황색의 점도가 있는 내용물을 함유한 갈흑색의 타원형 연질캡슐,루테인지아잔틴복합추출물(제2018-11호),"1일 1회, 1회 1캡슐을 물과 함께 섭취하십시오.","(국문) 노화로 인해 감소될 수 있는 황반색소밀도를 유지하여 눈건강에 도움을 줄 수 있음
(영문) May help the eye health by maintaining the density of macular pigments which can be decreased by aging","특정질환, 특이체질, 알레르기체질, 임산부의 경우에는 간혹 개인에 따라 과민반응이 나타날 수 있으므로 원료를 확인하시고, 섭취전에 전문가와 상담하시기 바랍니다.
이상사례 발생 시, 섭취를 중단하고 전문가와 상담할 것.
영.유아, 어린이, 임산부 및 수유부는 섭취를 피할 것
흡연자는 섭취 시 전문가와 상담할 것
과다 섭취 시 일시적으로 피부가 황색으로 변할 수 있음
이상사례 발생 시 섭취를 중단하고 전문가와 상담할 것",,캡슐,/img/nutri/루테인/20060020008869.jpg
20060020008922,데이즈온 루테인지아잔틴,루테인,주식회사 노바렉스2공장,고유의 향미가 있고 이미·이취가 없는 밝은 적갈색의 점도가 있는 내용물을 함유한 갈흑색의 타원형 연질캡슐,"루테인지아잔틴복합추출물(제2018-11호), 비타민 E, 베타카로틴, 비타민 A, 비타민 B1, 비타민 B2, 셀레늄(또는 셀렌)","1일 1회, 1회 1캡슐을 물과 함께 섭취하십시오.","[루테인지아잔틴복합추출물(기능성원료인정제2018-11호)]
(국문) 노화로 인해 감소될 수 있는 황반색소밀도를 유지하여 눈건강에 도움을 줄 수 있음
(영문) May help the eye health by maintaining the density of macular pigments which can be decreased by aging
[비타민E]항산화 작용을 하여 유해산소로부터 세포를 보호하는데 필요
[베타카로틴]
(1) 어두운 곳에서 시각 적응을 위해 필요
(2) 피부와 점막을 형성하고 기능을 유지하는데 필요
(3) 상피세포의 성장과 발달에 필요
[비타민A]①어두운 곳에서 시각 적응을 위해 필요②피부와 점막을 형성하고 기능을 유지하는데 필요③상피세포의 성장과 발달에 필요
[비타민B1](1) 탄수화물과 에너지 대사에 필요
[비타민B2](1) 체내 에너지 생성에 필요
[셀레늄]①유해산소로부터 세포를 보호하는데 필요","특정질환, 특이체질, 알레르기체질, 임산부의 경우에는 간혹 개인에 따라 과민반응이 나타날 수 있으므로 원료를 확인하시고, 섭취전에 전문가와 상담하시기 바랍니다.
[루테인지아잔틴복합추출물(기능성원료인정제2018-11호), 베타카로틴, 비타민 B1, 비타민 B2]
이상사례 발생 시 섭취를 중단하고 전문가와 상담할 것
[루테인지아잔틴복합추출물(기능성원료인정제2018-11호)]
영.유아, 어린이, 임산부 및 수유부는 섭취를 피할 것
흡연자는 섭취 시 전문가와 상담할 것
과다 섭취 시 일시적으로 피부가 황색으로 변할 수 있음
[베타카로틴]
흡연자는 섭취 시 전문가와 상담할 것",,캡슐,/img/nutri/루테인/20060020008922.jpg
20120019007529,리얼닥터 데일리 루테인 아이즈 케어,루테인,(주)한풍네이처팜,"고유의 향미가 있고 이미, 이취가 없으며 빨간 주황색의 내용물을 함유한 어두운 적갈색의 타원형 연질캡슐",마리골드꽃추출물,"1일 1회, 1회 1캡슐을 물과 함께 섭취하십시오.",[마리골드꽃추출물] 노화로 인해 감소될 수 있는 황반색소밀도를 유지하여 눈 건강에 도움을 줄 수 있음,"특이체질, 알레르기 체질의 경우에는 간혹 개인에 따라 과민반응을 나타낼 수 있으므로 원료를 확인한 후 섭취하십시오.
유통기한을 확인하시기 바라며, 섭취량 및 섭취방법을 준수하시기 바랍니다.
과다 섭취 시 일시적으로 피부가 황색으로 변할 수 있습니다.
영‧유아, 어린이, 임산부 및 수유부는 섭취를 피하십시오.
흡연자는 섭취 시 전문가와 상답하십시오.
이상사례 발생 시 섭취를 중단하고 전문가와 상담하십시오.",,캡슐,/img/nutri/루테인/20120019007529.jpg
20040015162440,하루틴 리포좀 비타민C,비타민c,(주)허브큐어,"고유의 향미가 있고 이미, 이취가 없는 갈색의 점박이를 포함한 회황색 타원형 제피정제",비타민 C,"1일 1회, 1회 1정을 충분한 물과 함께 섭취 하십시오","(가)결합조직 형성과 기능유지에 필요
(나)철의 흡수에 필요
(다)항산화 작용을 하여 유해산소로부터 세포를 보호하는데 필요","(가) 유통기한을 확인하시기 바라며, 섭취량 및 섭취방법을 준수하시기 바랍니다.
(나) 특이체질, 알레르기 체질의 경우 성부을 확인하시고 섭취하여 주시기 바랍니다.
(다) 어린이의 경우 섭취 시 목에 걸릴 우려가 있으니 보호자의 지도하에 섭취하십시오.
(라) 이상사례 발생 시 섭취를 중단하고 전문가와 상담하십시오.",,정,/img/nutri/비타민c/20040015162440.jpg
20040017062144,비타그란 비타민C1000,비타민c,(주)에스엘에스,고유의 향미가 있고 이미·이취가 없는 밝은 흰색의 장방형 정제,비타민 C,"1일 1회, 1회 1정을 물과 함께 섭취하십시오.",[비타민C] ①결합조직 형성과 기능유지에 필요 ②철의 흡수에 필요 ③항산화 작용을 하여 유해산소로부터 세포를 보호하는데 필요,"1. 특정질환, 특이체질, 알레르기 체질인 경우는 간혹 개인에 따라 과민반응을 나타낼 수 있으므로 원료를 확인 후 섭취하십시오.
2. 어린이가 섭취할 때는 보호자의 관리 감독하에 주의하여 섭취시켜 주십시오.
3. 취급 시 포장지의 절단면에 주의하십시오.
4. 씹거나 녹여 드시지 마시고 충분한 물과 함께 섭취하십시오.",,정,/img/nutri/비타민c/20040017062144.jpg
20040017062148,광동 면역 비타민C 1000,비타민c,(주)에스엘에스,"진한 자주색 점박이가 있는 밝은 노란색 층과 밝은 보라색 층의 이중정이며, 고유의  향미가 있고 이미·이취가 없는 장방형 정제","아연, 비타민 C","1일 1회, 1회 1정을 물과 함께 섭취하십시오.","[비타민C] ①결합조직 형성과 기능유지에 필요②철의 흡수에 필요③항산화 작용을 하여 유해산소로부터 세포를 보호하는데 필요

[아연] ①정상적인 면역기능에 필요②정상적인 세포분열에 필요","1. 특정질환, 특이체질, 알레르기 체질인 경우는 간혹 개인에 따라 과민반응을 나타낼 수 있으므로 원료를 확인 후 섭취하십시오.
2. 이상사례 발생 시 섭취를 중단하고 전문가와 상담하십시오.
3. 어린이가 섭취할 때는 보호자의 관리 감독하에 주의하여 섭취시켜 주십시오.
4. 제품 개봉 또는 섭취 시 포장재에 의해 상처를 입을 위험이 있으니 주의하시기 바랍니다.
5. 제품 표면의 진한 자주색 입자는 블루베리농축분말이므로 안심하고 드십시오.",,정,/img/nutri/비타민c/20040017062148.jpg
20120017002192,마이니 면역케어 비타민C 1000,비타민c,이앤에스(주),고유의 향미가 있고 이미 이취가 없으며 광택이 있는 노랑 하양의 장방형 정제,"비타민 C, 비타민 B6, 비타민 B1, 아연","1일 1회, 1회 1정을 물과 함께 섭취하십시오","[비타민 C] ①결합조직 형성과 기능유지에 필요②철의 흡수에 필요③항산화 작용을 하여 유해산소로부터 세포를 보호하는데 필요

[비타민 B6] ①단백질 및 아미노산 이용에 필요②혈액의 호모시스테인 수준을 정상으로 유지하는데 필요

[비타민 B1] 탄수화물과 에너지 대사에 필요

[아연] ①정상적인 면역기능에 필요②정상적인 세포분열에 필요",(1) 이상사례 발생 시 섭취를 중단하고 전문가와 상담할 것,,정,/img/nutri/비타민c/20120017002192.jpg
2016000600535,고려은단 비타민C 골드플러스 파워업,비타민c,고려은단 헬스케어(주),"이미, 이취가 없고 고유의 향미가 있는 미황색의 팔각형 정제","비오틴, 비타민 B2, 아연, 비타민 B12, 비타민D, 판토텐산, 비타민 C","1일 1회, 1회 1정(1,130mg)을 식사 후 먹는 물과 함께 섭취하십시오.","[비타민C] ①결합조직 형성과 기능유지에 필요②철의 흡수에 필요 ③항산화 작용을 하여 유해산소로부터 세포를 보호하는데 필요
[판토텐산] ①지방, 탄수화물, 단백질 대사와 에너지 생성에 필요
[비타민D] ①칼슘과 인이 흡수되고 이용되는데 필요②뼈의 형성과 유지에 필요③골다공증발생 위험 감소에 도움을 줌
[비타민B12] ①정상적인 엽산 대사에 필요
[아연] ①정상적인 면역기능에 필요②정상적인 세포분열에 필요
[비타민B2] ①체내 에너지 생성에 필요
[비오틴] ①지방, 탄수화물, 단백질 대사와 에너지 생성에 필요","(1) 임산부와 수유기 여성은 섭취 시 전문가와 상담하시기 바랍니다.
(2) 공복에 섭취 시 위장장애로 설사를 유발할 수 있으니 음식물과 함께 섭취하거나 식후에 섭취하십시오.
(3) 알레르기 체질이신 경우 성분을 확인 후 섭취하십시오.
(4) 제품이 변질 및 변색된 경우에는 섭취하지 마시고 소비자 상담실로 문의하시기 바랍니다.
(5) 포장재에 의하여 상처를 입을 수 있으니 주의가 필요합니다.
(6) 고칼슘혈증이 있거나 의약품 복용 시 전문가와 상담하십시오.
(7) 이상 사례 발생 시 섭취를 중단하고 전문가와 상담하십시오.",,정,/img/nutri/비타민c/2016000600535.jpg
2016000600550,고려은단 비타민C1000 이지+비타민D,비타민c,고려은단 헬스케어(주),"이미, 이취가 없고 고유의 향미가 있는 흰색의 팔각형 정제","비타민 D, 비타민 C","1일 1회, 1회 2정(1,200 mg)을 물과 함께 섭취하십시오.","[비타민C] ①결합조직 형성과 기능유지에 필요 ②철의 흡수에 필요 ③항산화 작용을 하여 유해산소로부터 세포를 보호하는데 필요
[비타민D] ①칼슘과 인이 흡수되고 이용되는데 필요②뼈의 형성과 유지에 필요③골다공증발생 위험 감소에 도움을 줌","(1) 고칼슘혈증이 있거나 의약품 복용 시 전문가와 상담하십시오.
(2) 이상 사례 발생 시 섭취를 중단하고 전문가와 상담하십시오.
(3) 임산부와 수유기 여성은 섭취 시 전문가와 상담하시기 바랍니다.
(4) 공복에 섭취 시 위장장애로 설사를 유발할 수 있으니 음식물과 함께 섭취하거나 식후에 섭취하십시오.
(5) 알레르기 체질이신 경우 성분을 확인 후 섭취하십시오.
(6) 제품이 변질 및 변색된 경우에는 섭취하지 마시고 소비자 상담실로 문의하시기 바랍니다.
(7) 포장재에 의하여 상처를 입을 수 있으니 주의가 필요합니다.",,정,/img/nutri/비타민c/2016000600550.jpg
2016000600561,속편한 고려은단 비타민C 1000 중성비타민C,비타민c,고려은단 헬스케어(주),"이미, 이취가 없고 고유의 향미가 있는 백색의 팔각형 정제",비타민 C,"1일 1회, 1회 1정(1,300 mg)을 물과 함께 섭취하십시오.",[비타민C] ①결합조직 형성과 기능유지에 필요②철의 흡수에 필요③항산화 작용을 하여 유해산소로부터 세포를 보호하는데 필요,"(1) 특정질환, 특이체질, 알레르기체질인 경우는 간혹 개인에 따라 과민반응을 나타낼 수 있으므로 원료를 확인 후 섭취하십시오.
(2) 어린이가 섭취할 때는 보호자의 관리감독하에 주의하여 섭취시켜 주십시오.",,정,/img/nutri/비타민c/2016000600561.jpg
20190009483349,닥터에스더 리포좀 비타민C 플러스,비타민c,우리바이오(주),"고유의 향미가 있고 이미, 이취가 없는 갈색점박이를 포함한 회황색의 타원형 제피정제",비타민 C,"1일 1회, 1회 1정을 충분한 물과 함께 섭취하십시오.",[비타민C] ①결합조직 형성과 기능유지에 필요②철의 흡수에 필요③항산화 작용을 하여 유해산소로부터 세포를 보호하는데 필요,"• 유통기한을 확인하시기 바라며, 섭취량 및 섭취방법을 준수하시기 바랍니다.
• 특이체질, 알레르기 체질의 경우 성분을 확인하시고 섭취하여 주시기 바랍니다.
• 어린이의 경우 섭취 시 목에 걸릴 우려가 있으니 보호자의 지도하에 섭취하십시오.
• 이상사례 발생 시 섭취를 중단하고 전문가와 상담하십시오",,정,/img/nutri/비타민c/20190009483349.jpg
202100108172,고려은단비타민C1000,비타민c,고려은단(주),"고유의 향미가 있고, 이미·이취가 없는 백색의 장방형 정제",비타민 C,"1일 1회, 1회 1정(1,080mg)을 식사 후 먹는물로 섭취합니다.",①결합조직 형성과 기능유지에 필요②철의 흡수에 필요③항산화 작용을 하여 유해산소로부터 세포를 보호하는데 필요,"1. 공복에 섭취시 위장장애로 설사를 유발할 수 있으니 음식물과 함께 섭취하거나 식후에 섭취하십시오.
2. 포장재에 의하여 상처를 입을 수 있으니 주의가 필요합니다.",,정,/img/nutri/비타민c/202100108172.jpg
202200200025,프리미엄비타C1000플러스,비타민c,이앤에스(주),고유의 향미가 있고 이미∙이취가 없는 무광택 하양색의 장방형 정제,비타민 C,"1일 1회, 1회 1정씩 충분한 물과 함께 섭취하십시오",,,,정,/img/nutri/비타민c/202200200025.jpg
20040016037288,알티지 오메가3,오메가,아미코젠(주)문산제2공장,"고유의 향미가 있고 이미, 이취가 없는 연한 노란색의 내용물을 함유한 투명한 타원형 연질캡슐","EPA 및 DHA 함유 유지, 비타민 A, 비타민 D, 비타민 E","1일 1회, 1회 2캡슐을 충분히 물과 함께 섭취하십시오.","[EPA 및 DHA 함유유지] ①혈중 중성지질 개선･혈행 개선에 도움을 줄 수 있음 ②건조한 눈을 개선하여 눈 건강에 도움을 줄 수 있음
[비타민A] ①어두운 곳에서 시각 적응을 위해 필요 ②피부와 점막을 형성하고 기능을 유지하는데 필요 ③상피세포의 성장과 발달에 필요
[비타민D] ①칼슘과 인이 흡수되고 이용되는데 필요 ②뼈의 형성과 유지에 필요 ③골다공증발생 위험 감소에 도움을 줌
[비타민E] ①항산화 작용을 하여 유해산소로부터 세포를 보호하는데 필요","(가) 특이체질, 알레르기 체질의 경우에는 개인에 따라 과민반응을 나타낼 수 있으므로 원료를 확인한 후 섭취하십시오.
(나) 의약품(항응고제, 항혈소판제, 혈압강하제 등) 복용 시 전문가와 상담할 것
(다) 개인에 따라 피부 관련 이상반응이 발생할 수 있음
(라) 이상사례 발생 시 섭취를 중단하고 전문가와 상담할 것
(마) 고칼슘혈증이 있거나 의약품 복용 시 전문가와 상담할 것",,캡슐,/img/nutri/오메가/20040016037288.PNG
200400170061540,혈행건강 초임계 알티지 부스터 오메가3 1000,오메가,(주)알피바이오,"고유의 향미가 있고 이미, 이취가 없는 연한 노랑색의 내용물을 함유한 투명한 장방형 장용성 연질캡슐","EPA 및 DHA 함유 유지, 비타민 E","1일 1회, 1회 2캡슐을 충분한 물과 함께 섭취하십시오.","[EPA 및 DHA 함유 유지] 혈중 중성지질 개선·혈행 개선·기억력 개선·건조한 눈을 개선하여 눈 건강에 도움을 줄 수 있음

[비타민E] 항산화 작용을 하여 유해산소로부터 세포를 보호하는데 필요","(가) 의약품(항응고제, 항혈소판제, 혈압강하제 등) 복용 시 전문가와 상담할 것
(나) 개인에 따라 피부 관련 이상반응이 발생할 수 있음
(다) 이상사례 발생 시 섭취를 중단하고 전문가와 상담할 것",,캡슐,/img/nutri/오메가/200400170061540.jpg
20040017016610,닥터에스더 식물성 알티지 오메가3,오메가,큐어라벨(주),"고유의 향미가 있고 이미, 이취가 없는 노랑색의 내용물을 함유한 투명한 타원형의 연질캡슐","비타민 D, 비타민 E, EPA 및 DHA 함유 유지","1일 1회, 1회 2캡슐을 충분한 물과 함께 섭취하십시오.","[EPA 및 DHA 함유유지]
혈중 중성지질 개선･혈행 개선･건조한 눈을 개선하여 눈 건강에 도움을 줄 수 있음
[비타민D]
(가) 칼슘과 인이 흡수되고 이용되는데 필요
(나) 뼈의 형성과 유지에 필요
(다) 골다공증발생 위험 감소에 도움을 줌
[비타민E] 항산화 작용을 하여 유해산소로부터 세포를 보호하는데 필요","- 의약품(항응고제, 항혈소판제, 혈압강하제 등) 복용 시 전문가와 상담할 것
 - 개인에 따라 피부 관련 이상반응이 발생할 수 있음
 - 이상사례 발생 시 섭취를 중단하고 전문가와 상담할 것
 - 고칼슘혈증이 있거나 의약품 복용 시 전문가와 상담할 것",,캡슐,/img/nutri/오메가/20040017016610.jpg
200400200061348,프로메가 오메가3 트리플,오메가,(주)서흥,"고유의 향미가 있고 이미, 이취가 없는 연한 노랑(연노랑)의 내용물을 함유한 투명의 장용성 장방형 연질캡슐","EPA 및 DHA 함유 유지, 비타민E","1일 1회, 1회 2캡슐(1.308g)을 충분한 물과 함께 섭취하십시오.","EPA 및 DHA 함유 유지 : (1)혈중 중성지질 개선, 혈행 개선에 도움을 줄 수 있음 (2)기억력 개선에 도움을 줄 수 있음 (3)건조한 눈을 개선하여 눈 건강에 도움을 줄 수 있음

비타민E :항산화 작용을 하여 유해산소로부터 세포를 보호하는데 필요","① 의약품(항응고제, 항혈소판제, 혈압강하제 등) 복용 시 전문가와 상담 하십시오.
   ② 개인에 따라 피부 관련 이상반응이 발생할 수 있습니다.
   ③ 이상사례 발생 시 섭취를 중단하고 전문가와 상담하십시오.",,캡슐,/img/nutri/오메가/200400200061348.jpg
200400200061684,프로메가 알티지 오메가3 듀얼 플러스,오메가,(주)서흥,"고유의 향미가 있고 이미, 이취가 없는 연한 노란색의 내용물을 함유한 투명의 장용성 타원형 연질캡슐","비타민 D, 비타민 A, 비타민 E, EPA 및 DHA 함유 유지","1일 1회, 1회 2캡슐(1.04g)을 충분한 물과 함께 섭취하십시오.","EPA 및 DHA 함유유지 : (1) 혈중 중성지질 개선, 혈행 개선에 도움을 줄 수 있음 (2) 건조한 눈을 개선하여 눈 건강에 도움을 줄 수 있음
비타민E : 항산화 작용을 하여 유해산소로부터 세포를 보호하는데 필요
비타민A : (1) 어두운 곳에서 시각 적응을 위해 필요 (2) 피부와 점막을 형성하고 기능을 유지하는데 필요 (3) 상피세포의 성장과 발달에 필요
비타민D : (1) 칼슘과 인이 흡수되고 이용되는데 필요 (2) 뼈의 형성과 유지에 필요 (3) 골다공증발생 위험 감소에 도움을 줌","(1)의약품(항응고제, 항혈소판제, 혈압강하제 등) 복용 시 전문가와 상담하십시오
(2) 개인에 따라 피부 관련 이상반응이 발생할 수 있습니다.
(3) 이상사례 발생 시 섭취를 중단하고 전문가와 상담하십시오.
(4) 고칼슘혈증이 있거나 의약품 복용 시 전문가와 상담하십시오.
(5) 특정 성분에 알레르기가 있으신 분은 원료명을 확인 후 섭취하십시오.",,캡슐,/img/nutri/오메가/200400200061684.jpg
200400200061793,닥터프로그램 알티지 오메가3 플러스,오메가,(주)서흥,"고유의 향미가 있고 이미, 이취가 없는 적색 내용물을 함유한 투명의 장방형 연질캡슐","EPA 및 DHA 함유 유지, 비타민 E, 비타민 D","1일 1회, 1회 1캡슐을 충분한 물과 함께 섭취하십시오.","EPA 및 DHA 함유 유지 : (1) 혈중 중성지질 개선·혈행 개선에 도움을 줄 수 있음 (2) 건조한 눈을 개선하여 눈 건강에 도움을 줄 수 있음
비타민E : 항산화 작용을 하여 유해산소로부터 세포를 보호하는데 필요
비타민D : (1) 칼슘과 인이 흡수되고 이용되는데 필요 (2) 뼈의 형성과 유지에 필요 (3) 골다공증발생 위험 감소에 도움을 줌","(1) 의약품(항응고제, 항혈소판제, 혈압강하제 등) 복용 시 전문가와 상담할 것
(2) 개인에 따라 피부 관련 이상반응이 발생할 수 있음
(3) 이상사례 발생 시 섭취를 중단하고 전문가와 상담할 것
(4) 고칼슘혈증이 있거나 의약품 복용 시 전문가와 상담할 것",,캡슐,/img/nutri/오메가/200400200061793.jpg
20060020008884,모어네이처 프리미엄 식물성 알티지 오메가3,오메가,주식회사 노바렉스2공장,고유의 향미가 있고 이미·이취가 없는 연한 노란 연두의 점도가 있는 내용물을 함유한 투명의 타원형 연질캡슐,"비타민 E, EPA 및 DHA 함유 유지","1일 1회, 1회 2캡슐을 충분한 물과 함께 섭취하십시오.","혈중 중성지질 개선･혈행 개선에 도움을 줄 수 있음
건조한 눈을 개선하여 눈 건강에 도움을 줄 수 있음
항산화 작용을 하여 유해산소로부터 세포를 보호하는데 필요","특정질환, 특이체질, 알레르기체질의 경우에는 간혹 개인에 따라 과민반응이 나타날 수 있으므로 원료를 확인하시고, 섭취전에 전문가와 상담하시기 바랍니다.
이상사례 발생 시, 섭취를 중단하고 전문가와 상담하시기 바랍니다.
어린이의 경우 섭취 시 목에 걸릴 우려가 있으니 보호자의 지도하에 섭취하시기 바랍니다.
제품의 개봉 또는 섭취 시 포장재에 의해 상처를 입을 수 있으니 주의하시기 바랍니다. 
(가) 의약품(항응고제, 항혈소판제, 혈압강하제 등) 복용 시 전문가와 상담할 것
(나) 개인에 따라 피부 관련 이상반응이 발생할 수 있음
(다) 이상사례 발생 시 섭취를 중단하고 전문가와 상담할 것",,캡슐,/img/nutri/오메가/20060020008884.jpg
20120019007661,인테로 초임계 비건 식물성 알티지 오메가3 프리미엄,오메가,(주)한풍네이처팜,"고유의 향미가 있고 이미, 이취가 없는 노란 하얀색의 내용물을 함유한 투명한 타원형의 연질캡슐","비타민 E, EPA 및 DHA 함유 유지","1일 1회, 1회 2캡슐을 물과 함께 섭취하십시오.","[EPA 및 DHA 함유 유지] 혈중 중성지질 개선, 혈행 개선, 건조한 눈을 개선하여 눈 건강에 도움을 줄 수 있음
[비타민E] 항산화 작용을 하여 유해산소로부터 세포를 보호하는데 필요","특이체질, 알레르기 체질의 경우에는 간혹 개인에 따라 과민반응을 나타낼 수 있으므로 원료를 확인한 후 섭취하십시오.
유통기한을 확인하시기 바라며, 섭취량 및 섭취방법을 준수하시기 바랍니다.
의약품(항응고제, 항혈소판제, 혈압강하제 등) 복용 시 전문가와 상담하십시오.
개인에 따라 피부 관련 이상반응이 발생할 수 있습니다.
이상사례 발생 시 섭취를 중단하고 전문가와 상담하시기 바랍니다.",,캡슐,/img/nutri/오메가/20120019007661.jpg
20120019007667,셀티바 루테인 알티지 오메가3,오메가,(주)한풍네이처팜,"고유의 향미가 있고 이미, 이취가 없는 빨간색의 내용물을 함유한 어두운 적갈색 장방형 연질캡슐","EPA 및 DHA 함유 유지, 마리골드꽃추출물, 비타민 E, 비타민 A","1일 1회, 1회 1캡슐을 물과 함께 섭취하십시오.","[EPA 및 DHA 함유 유지] 혈중 중성지질 개선, 혈행 개선, 건조한 눈을 개선하여 눈 건강에 도움을 줄 수 있음
[마리골드꽃추출물] 노화로 인해 감소될 수 있는 황반색소밀도를 유지하여 눈 건강에 도움을 줄 수 있음
[비타민E] 항산화 작용을 하여 유해산소로부터 세포를 보호하는데 필요
[비타민A] 어두운 곳에서 시각 적응을 위해 필요 / 피부와 점막을 형성하고 기능을 유지하는데 필요 / 상피세포의 성장과 발달에 필요","특이체질, 알레르기 체질의 경우에는 간혹 개인에 따라 과민반응을 나타낼 수 있으므로 원료를 확인한 후 섭취하십시오.
유통기한을 확인하시기 바라며, 섭취량 및 섭취방법을 준수하시기 바랍니다.
의약품(항응고제, 항혈소판제, 혈압강하제 등) 복용 시 전문가와 상담하십시오.
개인에 따라 피부 관련 이상반응이 발생할 수 있습니다.
영‧유아, 어린이, 임산부 및 수유부는 섭취를 피하십시오.
흡연자는 섭취 시 전문가와 상담하십시오.
과다 섭취 시 일시적으로 피부가 황색으로 변할 수 있습니다.
이상사례 발생 시 섭취를 중단하고 전문가와 상담하시기 바랍니다.",,캡슐,/img/nutri/오메가/20120019007667.jpg
2013002002055,트리플 알티지 오메가3,오메가,주식회사 에스디생명공학 건강식품사업부문,"고유의 향미가 있고 이미, 이취가 없는 노란색의 내용물을 함유한 투명한 타원형의 연질캡슐","비타민 E, 비타민 D, EPA 및 DHA 함유 유지","1일 1회, 1회 2캡슐을 물과 함께 섭취하십시오.","[EPA 및 DHA 함유 유지] 혈중 중성지질 개선 · 혈행 개선 · 기억력 개선 · 건조한 눈을 개선하여 눈 건강에 도움을 줄 수 있음 
[비타민D] 칼슘과 인이 흡수되고 이용되는데 필요 / 뼈의 형성과 유지에 필요 / 골다공증발생 위험 감소에 도움을 줌 
[비타민E] 항산화 작용을 하여 유해산소로부터 세포를 보호하는데 필요","-고칼슘혈증이 있거나 의약품 복용 시 전문가와 상담할 것
-이상사례 발생 시 섭취를 중단하고 전문가와 상담할 것
-의약품(항응고제, 항혈소판제, 혈압강하제 등) 복용 시 전문가와 상담할 것
-개인에 따라 피부 관련 이상반응이 발생할 수 있음",,캡슐,/img/nutri/오메가/2013002002055.PNG
200400170211417,올바른 다이어트 유산균 가르시니아 슬림,유산균,(주)비오팜,"고유의 향미가 있고 이미, 이취가 없는 밝은 회황색의 분말","프로바이오틱스, 가르시니아캄보지아 추출물","1일 1회, 1회 1포를 물과 함께 섭취하십시오.","[프로바이오틱스] 유산균 증식 및 유해균 억제·배변활동 원활·장건강에 도움을 줄 수 있음

[가르시니아캄보지아 추출물] ①탄수화물이 지방으로 합성되는 것을 억제하여 체지방 감소에 도움을 줄 수 있음","- 어린이, 임산부 및 수유부는 섭취를 피할 것
- 간·신장·심장질환, 알레르기 및 천식이 있거나 의약품 복용 시 전문가와 상담할 것
- 이상사례 발생 시 섭취를 중단하고 전문가와 상담할 것
- 질환이 있거나 의약품 복용 시 전문가와 상담할 것
- 알레르기 체질 등은 개인에 따라 과민반응을 나타낼 수 있음
- 어린이가 함부로 섭취하지 않도록 일일섭취량 방법을 지도할 것 
- 알레르기 체질이신 경우 원료 성분을 확인 하신 후 섭취하십시오.
- 제품 개봉 또는 섭취 시 포장재에 의해 상처를 입을 수 있으니 주의하십시오.",,분말,/img/nutri/유산균/200400170211417.PNG
200400200061830,다이어트 유산균 비에날씬+,유산균,(주)서흥,"고유의 향미가 있고 이미, 이취가 없는 흰 노란색의 분말","아연, 비타민 D, Lactobacillus gasseri BNR17(제2014-5호)","1일 1회, 1회 1포를 섭취하십시오.","Lactobacillus gasseri BNR17 : 체지방 감소에 도움을 줄 수 있음, 유산균 증식 및 유해균 억제·배변활동 원활·장 건강에 도움을 줄 수 있음
비타민D : (1) 칼슘과 인이 흡수되고 이용되는데 필요 (2) 뼈의 형성과 유지에 필요 (3) 골다공증발생 위험 감소에 도움을 줌
아연 : (1) 정상적인 면역기능에 필요 (2) 정상적인 세포분열에 필요","(1) 산성도가 낮은 음료나 뜨거운 물과 함께 복용하는것을 피하는 것이 좋음
(2) 질환이 있거나 의약품 복용 시 전문가와 상담할 것
(3) 알레르기 체질 등은 개인에 따라 과민반응을 나타낼 수 있음
(4) 어린이가 함부로 섭취하지 않도록 일일섭취량 방법을 지도할 것
(5) 이상사례 발생 시 섭취를 중단하고 전문가와 상담할 것
(6) 고칼슘혈증이 있거나 의약품 복용 시 전문가와 상담할 것",,분말,/img/nutri/유산균/200400200061830.PNG
20040020016641,락토핏 코어맥스,유산균,종근당건강(주),"고유의 향미가 있고 이미, 이취가 없는 흰 보라색의 분말","아연, 프로바이오틱스","1일 1회, 1회 1포를 식전·식후 어느때나 물 없이 섭취하십시오.","①유산균 증식 및 유해균 억제 ②배변활동 원활 ③장 건강에 도움을 줄 수 있음

①정상적인 면역기능에 필요 ②정상적인 세포분열에 필요","(가) 질환이 있거나 의약품 복용 시 전문가와 상담할 것
(나) 알레르기 체질 등은 개인에 따라 과민반응을 나타낼 수 있음
(다) 어린이가 함부로 섭취하지 않도록 일일섭취량 방법을 지도할 것
(라) 이상사례 발생 시 섭취를 중단하고 전문가와 상담할 것",,분말,/img/nutri/유산균/20040020016641.PNG
20040020016646,락토핏 키즈,유산균,종근당건강(주),"고유의 향미가 있고 이미, 이취가 없는 노란 하얀색의 분말","비타민D, 아연, 프로바이오틱스, 비타민 B1, 비타민 B2, 비타민 B6","1일 1회, 1회 1포를 식전·식후 어느때나 물 없이 섭취하십시오.","프로바이오틱스

① 유산균 증식 및 유해균 억제에 도움을 줄 수 있음 ② 배변활동 원활에 도움을 줄 수 있음 ③ 장 건강에 도움을 줄 수 있음

아연

① 정상적인 면역기능에 필요 ② 정상적인 세포분열에 필요

비타민D

① 칼슘과 인이 흡수되고 이용되는데 필요 ② 뼈의 형성과 유지에 필요 ③ 골다공증발생 위험 감소에 도움을 줌

비타민B1

① 탄수화물과 에너지 대사에 필요

비타민B2

① 체내 에너지 생성에 필요

비타민B6

① 단백질 및 아미노산 이용에 필요 ② 혈액의 호모시스테인 수준을 정상으로 유지하는데 필요","(가) 질환이 있거나 의약품 복용 시 전문가와 상담할 것
(나) 알레르기 체질 등은 개인에 따라 과민반응을 나타낼 수 있음
(다) 어린이가 함부로 섭취하지 않도록 일일섭취량 방법을 지도할 것
(라) 이상사례 발생 시 섭취를 중단하고 전문가와 상담할 것

(가) 고칼슘혈증이 있거나 의약품 복용 시 전문가와 상담할 것
(나) 이상사례 발생 시 섭취를 중단하고 전문가와 상담할 것",,분말,/img/nutri/유산균/20040020016646.png
20040020016647,락토핏 화이버,유산균,종근당건강(주),"고유의 향미가 있고 이미, 이취가 없는 회황색의 분말","프로바이오틱스, 차전자피식이섬유, 아연","1일 1회, 1회 1포를 식전·식후 어느때나 물 250ml 이상에 타서 충분히 섞은 후 섭취하십시오.","프로바이오틱스

① 유산균 증식 및 유해균 억제에 도움을 줄 수 있음 ② 배변활동 원활에 도움을 줄 수 있음 ③ 장 건강에 도움을 줄 수 있음

차전자피식이섬유

① 혈중 콜레스테롤 개선에 도움을 줄 수 있음 ② 배변활동 원활에 도움을 줄 수 있음

아연

① 정상적인 면역기능에 필요 ② 정상적인 세포분열에 필요","(가) 질환이 있거나 의약품 복용 시 전문가와 상담할 것
(나) 알레르기 체질 등은 개인에 따라 과민반응을 나타낼 수 있음
(다) 어린이가 함부로 섭취하지 않도록 일일섭취량 방법을 지도할 것
(라) 이상사례 발생 시 섭취를 중단하고 전문가와 상담할 것

반드시 충분한 물과 함께 섭취할 것 (액상제외)",,분말,/img/nutri/유산균/20040020016647.jpg
20040020016648,락토핏 슬림,유산균,종근당건강(주),"고유의 향미가 있고 이미, 이취가 없는 노란 하얀색의 분말","아연, 가르시니아캄보지아 추출물, 프로바이오틱스","1일 2회, 1회 1포를 식전·식후 어느때나 물 없이 섭취하십시오.","프로바이오틱스

① 유산균 증식 및 유해균 억제에 도움을 줄 수 있음 ② 배변활동 원활에 도움을 줄 수 있음 ③ 장 건강에 도움을 줄 수 있음

가르시니아캄보지아 추출물

탄수화물이 지방으로 합성되는 것을 억제하여 체지방 감소에 도움을 줄 수 있음

아연

① 정상적인 면역기능에 필요 ② 정상적인 세포분열에 필요","(가) 질환이 있거나 의약품 복용 시 전문가와 상담할 것
(나) 알레르기 체질 등은 개인에 따라 과민반응을 나타낼 수 있음
(다) 어린이가 함부로 섭취하지 않도록 일일섭취량 방법을 지도할 것
(라) 이상사례 발생 시 섭취를 중단하고 전문가와 상담할 것

(가) 어린이, 임산부 및 수유부는 섭취를 피할 것
(나) 간·신장·심장질환, 알레르기 및 천식이 있거나 의약품 복용 시 전문가와 상담할 것
(다) 이상사례 발생 시 섭취를 중단하고 전문가와 상담할 것",,분말,/img/nutri/유산균/20040020016648.PNG
20040020016653,락토핏 뷰티,유산균,종근당건강(주),"고유의 향미가 있고 이미, 이취가 없는 흰보라색의 분말","프로바이오틱스, 저분자콜라겐펩타이드GT(제2022-6호)","1일 2회, 1회 1포를 식전·식후 어느때나 물 없이 섭취하십시오.","프로바이오틱스

① 유산균 증식 및 유해균 억제에 도움을 줄 수 있음 ② 배변활동 원활에 도움을 줄 수 있음 ③ 장 건강에 도움을 줄 수 있음

저분자콜라겐펩타이드GT (제2022-6호)

① 피부 보습에 도움을 줄 수 있음 ② 자외선에 의한 피부손상으로부터 피부건강을 유지하는데 도움을 줄 수 있음","(가) 질환이 있거나 의약품 복용 시 전문가와 상담할 것
(나) 알레르기 체질 등은 개인에 따라 과민반응을 나타낼 수 있음
(다) 어린이가 함부로 섭취하지 않도록 일일섭취량 방법을 지도할 것
(라) 이상사례 발생 시 섭취를 중단하고 전문가와 상담할 것

(1) 영‧유아, 어린이, 임산부 및 수유부는 섭취에 주의할 것 
(2) 특정질환(알레르기 체질 등)이 있는 분은 섭취에 주의할 것 
(3) 이상사례 발생 시 섭취를 중단하고 전문가와 상담할 것",,분말,/img/nutri/유산균/20040020016653.PNG
20040020016655,생유산균 락토핏 골드,유산균,종근당건강(주),"고유의 향미가 있고 이미, 이취가 없는 흰보라색의 분말",프로바이오틱스,"1일 1회, 1회 1포를 식전·식후 어느때나 물 없이 섭취하십시오","프로바이오틱스

① 유산균 증식 및 유해균 억제에 도움을 줄 수 있음 ② 배변활동 원활에 도움을 줄 수 있음 ③ 장 건강에 도움을 줄 수 있음","(가) 질환이 있거나 의약품 복용 시 전문가와 상담할 것
(나) 알레르기 체질 등은 개인에 따라 과민반응을 나타낼 수 있음
(다) 어린이가 함부로 섭취하지 않도록 일일섭취량 방법을 지도할 것
(라) 이상사례 발생 시 섭취를 중단하고 전문가와 상담할 것",,분말,/img/nutri/유산균/20040020016655.PNG
200400200201099,장케어 생유산균 19,유산균,엠에스바이오텍(주),"고유의 향미가 있고 이미, 이취가 없는 하양색, 흐린 노란 주황색의 알갱이가 들어있는 분홍빛 하양색 분말","셀레늄(또는 셀렌), 아연, 프로바이오틱스","1일 1회, 1회 1포를 그대로 혹은 물과 함께 섭취","* 셀레늄(or 셀렌)
① 유해산소로부터 세포를 보호하는데 필요

* 아연
① 정상적인 면역기능에 필요
② 정상적인 세포분열에 필요

* 프로바이오틱스
① 유산균 증식 및 유해균 억제에 도움을 줄 수 있음
② 배변활동 원활에 도움을 줄 수 있음
③ 장 건강에 도움을 줄 수 있음","* 프로바이오틱스
① 질환이 있거나 의약품 복용 시 전문가와 상담할 것
② 알레르기 체질 등은 개인에 따라 과민반응을 나타낼 수 있음
③ 어린이가 함부로 섭취하지 않도록 일일섭취량 방법을 지도할 것
④ 이상사례 발생 시 섭취를 중단하고 전문가와 상담할 것",,분말,/img/nutri/유산균/200400200201099.PNG
200400200201104,락티브 원더 플로라 유산균,유산균,엠에스바이오텍(주),"고유의 향미가 있고 이미, 이취가 없는 자주색 알갱이가 들어있는 연한 회분홍색 분말을 함유한 투명경질캡슐","셀레늄(또는 셀렌), 아연, 프로바이오틱스","1일 1회, 1회 1캡슐씩 충분한 물과 함께 섭취","* 셀레늄(or 셀렌)
① 유해산소로부터 세포를 보호하는데 필요

* 아연
① 정상적인 면역기능에 필요
② 정상적인 세포분열에 필요

* 프로바이오틱스
① 유산균 증식 및 유해균 억제에 도움을 줄 수 있음
② 배변활동 원활에 도움을 줄 수 있음
③ 장건강에 도움을 줄 수 있음","* 프로바이오틱스
① 질환이 있거나 의약품 복용 시 전문가와 상담할 것
② 알레르기 체질 등은 개인에 따라 과민반응을 나타낼 수 있음
③ 어린이가 함부로 섭취하지 않도록 일일섭취량 방법을 지도할 것
④ 이상사례 발생 시 섭취를 중단하고 전문가와 상담할 것",,캡슐,/img/nutri/유산균/200400200201104.PNG
200400150831812,뼈 건강엔 칼슘마그네슘,칼슘,주식회사한미양행,"고유의 향미를 지니고 이미, 이취가 없는 노란 회색 또는 노란 하얀색의 타원형 정제","비타민 D, 칼슘, 마그네슘, 아연, 망간","1일 1회, 1회 1정을 충분한 물과 함께 섭취","①칼슘과 인이 흡수되고 이용되는데 필요②뼈의 형성과 유지에 필요③골다공증발생 위험 감소에 도움을 줌

①뼈와 치아 형성에 필요②신경과 근육 기능 유지에 필요③정상적인 혈액응고에 필요④골다공증발생 위험 감소에 도움을 줌

①에너지 이용에 필요②신경과 근육 기능 유지에 필요

①정상적인 면역기능에 필요②정상적인 세포분열에 필요

①뼈 형성에 필요②에너지 이용에 필요③유해산소로부터 세포를 보호하는데 필요","(가) 고칼슘혈증이 있거나 의약품 복용 시 전문가와 상담할 것
(나) 이상사례 발생 시 섭취를 중단하고 전문가와 상담할 것
알레르기 체질이신 경우 성분을 확인 한 후 섭취하시기 바랍니다.",,정,/img/nutri/칼슘/200400150831812.jpg
20040016020226,인테로 칼슘마그네슘아연비타민D 플러스,칼슘,(주)케이지앤에프,"고유의 향미가 있고 이미, 이취가 없는 회백색의 타원형 정제","칼슘, 마그네슘, 비타민 D, 아연","1일 1회, 1회 1정씩 충분한 물과 함께 섭취하십시오.","칼슘①뼈와 치아 형성에 필요②신경과 근육 기능 유지에 필요③정상적인 혈액응고에 필요④골다공증발생 위험 감소에 도움을 줌

마그네슘①에너지 이용에 필요②신경과 근육 기능 유지에 필요

비타민D①칼슘과 인이 흡수되고 이용되는데 필요②뼈의 형성과 유지에 필요③골다공증발생 위험 감소에 도움을 줌

아연①정상적인 면역기능에 필요②정상적인 세포분열에 필요","(가) 고칼슘혈증이 있거나 의약품 복용 시 전문가와 상담할 것
(나) 이상사례 발생 시 섭취를 중단하고 전문가와 상담할 것",,정,/img/nutri/칼슘/20040016020226.jpg
20040017014616,에이엠 스윝칼슘,칼슘,(주)뉴팜,"고유의 향미가 있고 이미, 이취가 없는 연한 회갈색의 원형 정제","비타민 D, 칼슘","1일 2회, 1회 2정을 씹어서 섭취하십시오.","[칼슘] ①뼈와 치아 형성에 필요②신경과 근육 기능 유지에 필요③정상적인 혈액응고에 필요④골다공증발생 위험 감소에 도움을 줌

[비타민D] ①칼슘과 인이 흡수되고 이용되는데 필요②뼈의 형성과 유지에 필요③골다공증발생 위험 감소에 도움을 줌","- 고칼슘혈증이 있거나 의약품 복용 시 전문가와 상담할 것
- 이상사례 발생 시 섭취를 중단하고 전문가와 상담할 것
- 섭취량 및 섭취방법을 확인하시고 섭취하여 주십시오.
- 소비기한이 경과된 제품은 섭취하지 않도록 주의 바랍니다.
- 제품 개봉 또는 섭취 시 포장재에 의해 상처를 입을 수 있으니 주의하시기 바랍니다.
- 알레르기 체질이신 분은 성분을 확인 후 섭취하여 주십시오.
- 어린이 섭취 시 보호자의 지도, 감독 하에 섭취시키십시오.",,정,/img/nutri/칼슘/20040017014616.jpg
200400170211390,올바른 칼슘 마그네슘 비타민D 아연 망간,칼슘,(주)비오팜,"고유의 향미가 있고 이미, 이취가 없는 점박이가 있는 흰색의 장방형 제피정제","비타민D, 마그네슘, 아연, 칼슘, 망간","1일 1회, 1회 1정을 물과 함께 섭취하십시오.","[비타민D] ①칼슘과 인이 흡수되고 이용되는데 필요②뼈의 형성과 유지에 필요③골다공증발생 위험 감소에 도움을 줌

[마그네슘] ①에너지 이용에 필요②신경과 근육 기능 유지에 필요

[아연] ①정상적인 면역기능에 필요②정상적인 세포분열에 필요

[칼슘] ①뼈와 치아 형성에 필요②신경과 근육 기능 유지에 필요③정상적인 혈액응고에 필요④골다공증발생 위험 감소에 도움을 줌

[망간] ①뼈 형성에 필요②에너지 이용에 필요③유해산소로부터 세포를 보호하는데 필요","[비타민 D]
(가) 고칼슘혈증이 있거나 의약품 복용 시 전문가와 상담할 것
(나) 이상사례 발생 시 섭취를 중단하고 전문가와 상담할 것
- 알레르기 체질이신 경우 원료 성분을 확인 하신 후 섭취하십시오
- 제품 개봉 또는 섭취 시 포장재에 의해 상처를 입을 수 있으니 주의하십시오",,정,/img/nutri/칼슘/200400170211390.jpg
20040017025683,프리미엄 코랄칼슘 마그네슘 2:1,칼슘,동서바이오팜(주),"고유의 향미가 있고 이미, 이취가 없는 흰색의 장방형 제피정제","마그네슘, 칼슘, 아연, 비타민 D","1일 1회, 1회 2정을 충분한 물과 함께 섭취","①뼈와 치아 형성에 필요②신경과 근육 기능 유지에 필요③정상적인 혈액응고에 필요④골다공증발생 위험 감소에 도움을 줌

①에너지 이용에 필요②신경과 근육 기능 유지에 필요

①정상적인 면역기능에 필요②정상적인 세포분열에 필요

①칼슘과 인이 흡수되고 이용되는데 필요②뼈의 형성과 유지에 필요③골다공증발생 위험 감소에 도움을 줌","(가) 고칼슘혈증이 있거나 의약품 복용 시 전문가와 상담할 것
(나) 이상사례 발생 시 섭취를 중단하고 전문가와 상담할 것",,정,/img/nutri/칼슘/20040017025683.jpg
20040020041484,백년누리 칼마디 해조칼슘 마그네슘 비타민D 퍼펙트 밸런스,칼슘,노비스바이오(주),"고유의 향미가 있고 이미, 이취가 없는 광택이 있고 흰색의 제피정제","칼슘, 마그네슘, 비타민 D","1일 2회, 1회 1정(750mg)을 물과 함께 섭취하십시오.","[칼슘]①뼈와 치아 형성에 필요②신경과 근육 기능 유지에 필요③정상적인 혈액응고에 필요④골다공증발생 위험 감소에 도움을 줌

[마그네슘]①에너지 이용에 필요②신경과 근육 기능 유지에 필요

[비타민D]①칼슘과 인이 흡수되고 이용되는데 필요②뼈의 형성과 유지에 필요③골다공증발생 위험 감소에 도움을 줌","(가) 고칼슘혈증이 있거나 의약품 복용 시 전문가와 상담할 것
(나) 이상사례 발생 시 섭취를 중단하고 전문가와 상담할 것",,정,/img/nutri/칼슘/20040020041484.jpg
200600200032414,어골칼슘 마그네슘 아연 비타민D PGA,칼슘,콜마비앤에이치(주)음성공장,"고유의 향미가 있고 이미, 이취가 없는 흰색의 장타원형 제피정제","아연, 마그네슘, 칼슘, 비타민 D, 폴리감마글루탐산","1일 1회, 1회 2정을 물과 함께 섭취하십시오.","- 폴리감마글루탐산 : 체내 칼슘흡수 촉진에 도움을 줄 수 있음
- 비타민 D : 칼슘과 인이 흡수되고 이용되는데 필요, 뼈의 형성과 유지에 필요, 골다공증발생 위험 감소에 도움을 줌
- 칼슘 : 뼈와 치아 형성에 필요, 신경과 근육 기능 유지에 필요, 정상적인 혈액응고에 필요, 골다공증발생 위험 감소에 도움을 줌
- 마그네슘 : 에너지 이용에 필요, 신경과 근육 기능 유지에 필요
- 아연 : 정상적인 면역기능에 필요, 정상적인 세포분열에 필요","1) 고칼슘혈증이 있거나 의약품 복용 시 전문가와 상담할 것
2) 이상사례 발생 시 섭취를 중단하고 전문가와 상담할 것",,정,/img/nutri/칼슘/200600200032414.jpg
20120017002101,칼슘앤마그네슘비타민D아연,칼슘,이앤에스(주),"고유의 향미가 있고, 이미 이취가 없으며 광택이 없는 밝은 회색의 장방형 코팅 정제","비타민D, 아연, 마그네슘, 칼슘","1일1회,1회2정을 물과 함께 섭취하십시오.","[칼슘]①뼈와 치아 형성에 필요②신경과 근육 기능 유지에 필요③정상적인 혈액응고에 필요④골다공증발생 위험 감소에 도움을 줌
[마그네슘]①에너지 이용에 필요②신경과 근육 기능 유지에 필요
[아연]①정상적인 면역기능에 필요②정상적인 세포분열에 필요
[비타민D]①칼슘과 인이 흡수되고 이용되는데 필요②뼈의 형성과 유지에 필요③골다공증발생 위험 감소에 도움을 줌","1) 고칼슘혈증이 있거나 의약품 복용 시 전문가와 상담하십시오.
2) 이상사례 발생 시 섭취를 중단하고 전문가와 상담하십시오.
3) 특정질환, 특이체질, 알레르기 체질인 경우 간혹 개인에 따라 과민반응을 나타낼 수 있으므로 원료를 확인 후 섭취하십시오.
4) 어린이가 섭취할 때는 보호자의 관리 감독하에 주의하여 섭취시켜 주십시오.
5) 용기 안의 방습제는 드시지 마십시오.
6) 유통기한을 확인하시기 바라며, 섭취량 및 섭취방법을 준수하시기 바랍니다.",,정,/img/nutri/칼슘/20120017002101.jpg
20190009483318,메가 칼슘 마그네슘 아연 플러스 비타민D·K,칼슘,우리바이오(주),"고유의 향미가 있고 이미·이취가 없는 흰색, 검정색 점박이를 함유한 노란 하양색 장방형의 제피정제","비타민 D, 구리, 망간, 셀레늄(또는 셀렌), 아연, 마그네슘, 몰리브덴, 칼슘, 비타민 K","1일 1회, 1회 1정을 충분한 물과 함께 섭취 하십시오.","비타민D - ①칼슘과 인이 흡수되고 이용되는데 필요②뼈의 형성과 유지에 필요③골다공증발생 위험 감소에 도움을 줌
구리 - ①철의 운반과 이용에 필요②유해산소로부터 세포를 보호하는데 필요
망간 - ①뼈 형성에 필요②에너지 이용에 필요③유해산소로부터 세포를 보호하는데 필요
셀렌 - ①유해산소로부터 세포를 보호하는데 필요
아연 - ①정상적인 면역기능에 필요②정상적인 세포분열에 필요
마그네슘 - ①에너지 이용에 필요②신경과 근육 기능 유지에 필요
몰리브덴 - ①산화·환원 효소의 활성에 필요
칼슘 - ①뼈와 치아 형성에 필요②신경과 근육 기능 유지에 필요③정상적인 혈액응고에 필요④골다공증발생 위험 감소에 도움을 줌
비타민K - ①정상적인 혈액응고에 필요②뼈의 구성에 필요","(가) 고칼슘혈증이 있거나 의약품 복용 시 전문가와 상담할 것
(나) 이상사례 발생 시 섭취를 중단하고 전문가와 상담할 것
(다) 항응고제 등 복용 시 전문가와 상담할 것",,정,/img/nutri/칼슘/20190009483318.jpg
20190016403103,이너셋 뼈건강 칼슘 마그네슘 비타민D 아연,칼슘,(주)휴온스푸디언스 금산3공장,고유의 향미가 있고 이미·이취가 없는 하양색의 타원형 정제,"칼슘, 아연, 마그네슘, 비타민D","1일 1회, 1회 1정(1,350mg)을 충분한 물과 함께 섭취한다.","칼슘 : ①뼈와 치아 형성에 필요②신경과 근육 기능 유지에 필요③정상적인 혈액응고에 필요④골다공증발생 위험 감소에 도움을 줌

아연 : ①정상적인 면역기능에 필요②정상적인 세포분열에 필요

마그네슘 : ①에너지 이용에 필요②신경과 근육 기능 유지에 필요

비타민D : ①칼슘과 인이 흡수되고 이용되는데 필요②뼈의 형성과 유지에 필요③골다공증발생 위험 감소에 도움을 줌","고칼슘혈증이 있거나 의약품 복용 시 전문가와 상담할 것
이상사례 발생 시 섭취를 중단하고 전문가와 상담할 것",,정,/img/nutri/칼슘/20190016403103.jpg
20040017016603,닥터에스더 어린콜라겐,콜라겐,큐어라벨(주),"고유의 향미가 있고 이미, 이취가 없는 노란 하얀색의 분말",피쉬 콜라겐펩타이드(제2019-12호),"1일 2회, 1회 1포를 직접 또는 물과 함께 섭취하십시오.","[피쉬콜라겐펩타이드]
(국문)
-자외선에 의한 피부손상으로부터 피부건강을 유지하는데 도움을 줄 수 있음
-피부보습에 도움을 줄 수 있음
(영문)
-May help to maintain skin health from skin damage by UV radiation
-May help to maintain skin moisturizing","-영·유아, 어린이, 임산부 및 수유부는 섭취에 주의
-특정질환(알레르기 체질 등)이 있는 분은 섭취에 주의
-이상사례 발생 시 섭취를 중단하고 전문가와 상담할 것",,분말,/img/nutri/콜라겐/20040017016603.jpg
20040017031245,큐브미 콜라겐,콜라겐,(주)아모레퍼시픽,"고유의 향미가 있고 이미, 이취가 없는 연한 분홍색의 정사각형 정제","비타민C, AP 콜라겐 효소분해 펩타이드(기능성원료인정제2010-25호)","성인 1일 1회, 1회 4정을 씹어서 섭취하십시오.","[AP 콜라겐 효소분해 펩타이드(제2010-25호)]
(국문)
  ①피부 보습에 도움을 줄 수 있음
  ②자외선에 의한 피부 손상으로부터 피부 건강을 유지하는데 도움을 줄 수 있음
(영문)
‧ May help to moisturize (dry) skin
‧ May help to maintain good skin health by protecting against damage from UV exposure

[비타민 C] 
  ①결합조직 형성과 기능유지에 필요②철의 흡수에 필요③항산화 작용을 하여 유해산소로부터 세포를 보호하는데 필요","임산부, 수유부 또는 질병으로 치료중이거나 알레르기, 특이체질이신 분은 
본 제품의 원료를 확인하시고 섭취 전에 전문가와 상담하시기 바랍니다. 
이상사례 발생시 섭취를 중단하시고 전문가와 상담하시기 바랍니다.",,정,/img/nutri/콜라겐/20040017031245.jpg
20040020004277,에버콜라겐 트리플비타,콜라겐,(주)네이처텍,"이미, 이취가 없고 고유의 향미가 있는 백색의 타원형의 제피정제","비타민 C, 비타민E, 비타민A, 저분자콜라겐펩타이드(기능성원료 인정 제2013-30호)","1일 1회, 1회 3정을 물과 함께 섭취하십시오. [620mgⅹ3정/day]","[저분자콜라겐펩타이드] ① 피부 보습에 도움을 줄 수 있음  ② 자외선에 의한 피부손상으로부터 피부 건강을 유지하는데 도움을 줄 수 있음 / ① May help to maintain skin moisturizing ② May help to maintain skin health from skin damage by UV radiation
[비타민C] ①결합조직 형성과 기능유지에 필요②철의 흡수에 필요③유해산소로부터 세포를 보호하는데 필요
[비타민E] ①유해산소로부터 세포를 보호하는데 필요
[비타민A] ①어두운 곳에서 시각 적응을 위해 필요②피부와 점막을 형성하고 기능을 유지하는데 필요③상피세포의 성장과 발달에 필요","영·유아, 어린이, 임산부, 수유부는 섭취에 주의",,정,/img/nutri/콜라겐/20040020004277.jpg
200400200061781,올앳미 콜라겐 더 비오틴,콜라겐,(주)서흥,"고유의 향미가 있고 이미, 이취가 없는 보랏빛 하얀색 또는 흰 분홍색의 장방형 제피정제","저분자콜라겐펩타이드GT(제2022-6호), 비타민 C, 셀레늄(또는 셀렌), 아연, 비타민 D, 비타민 B6, 비오틴","1일 1회, 1회 3정을 충분한 물과 함께 섭취하십시오","저분자콜라겐펩타이드GT(제2022-6호) : (국문) 피부 보습에 도움을 줄 수 있음, 자외선에 의한 피부손상으로부터 피부건강을 유지하는데 도움을 줄 수 있음 (영문) May help to moisturize (dry) skin, May help to maintain good skin health by protecting against damage from UV exposure
비타민C : (1) 결합조직 형성과 기능유지에 필요 (2) 철의 흡수에 필요 (3) 항산화 작용을 하여 유해산소로부터 세포를 보호하는데 필요
셀렌 : 유해산소로부터 세포를 보호하는데 필요
아연 : (1) 정상적인 면역기능에 필요 (2) 정상적인 세포분열에 필요
비타민D : (1) 칼슘과 인이 흡수되고 이용되는데 필요 (2) 뼈의 형성과 유지에 필요 (3) 골다공증발생 위험 감소에 도움을 줌
비타민B6 : (1) 단백질 및 아미노산 이용에 필요 (2) 혈액의 호모시스테인 수준을 정상으로 유지하는데 필요 
비오틴 : 지방, 탄수화물, 단백질 대사와 에너지 생성에 필요","(1) 영·유아, 어린이, 임산부 및 수유부는 섭취에 주의할 것
(2) 특정질환(알레르기 체질 등)이 있는 분은 섭취에 주의할 것
(3) 이상사례 발생 시 섭취를 중단하고 전문가와 상담할 것  
(4) 고칼슘혈증이 있거나 의약품 복용 시 전문가와 상담할 것
(5) 본 제품은 섭취자의 신체 상태에 따라 반응에 차이가 있을 수 있습니다. 
(6) 유통기한이 경과 된 제품은 섭취하지 마십시오.
(7) 제품 개봉 또는 섭취 시 포장재에 의해 상처를 입을 수 있으니 주의하십시오.
(8) 천연 색소를 사용한 제품으로, 색이 일정하지 않거나 개봉 후 변색(혹은 색 빠짐)이 발생될 수 있으나 이는 제품의 이상이 아니므로 안심하고 섭취하시기 바랍니다.",,정,/img/nutri/콜라겐/200400200061781.jpg
200400200061785,스킨액티브 콜라겐,콜라겐,(주)서흥,"고유의 향미가 있고 이미, 이취가 없는 연한 노란 주황색 또는 흐린 노란 주황색의 타원형 제피정제","저분자콜라겐펩타이드GT(제2022-6호), 비타민 C, 비타민 A, 비오틴","1일 1회, 1회 2정을 충분한 물과 함께 섭취하십시오","저분자콜라겐펩타이드GT(제2022-6호) : (국문) 피부 보습에 도움을 줄 수 있음, 자외선에 의한 피부손상으로부터 피부건강을 유지하는데 도움을 줄 수 있음 (영문) May help to moisturize (dry) skin, May help to maintain good skin health by protecting against damage from UV exposure
비타민C : (1) 결합조직 형성과 기능유지에 필요 (2) 철의 흡수에 필요 (3) 항산화 작용을 하여 유해산소로부터 세포를 보호하는데 필요
비타민A : (1) 어두운 곳에서 시각 적응을 위해 필요 (2) 피부와 점막을 형성하고 기능을 유지하는데 필요 (3) 상피세포의 성장과 발달에 필요
비오틴 : 지방, 탄수화물, 단백질 대사와 에너지 생성에 필요","(1) 영‧유아, 어린이, 임산부 및 수유부는 섭취에 주의할 것 
(2) 특정질환(알레르기 체질 등)이 있는 분은 섭취에 주의할 것
(3) 이상사례 발생 시 섭취를 중단하고 전문가와 상담할 것",,정,/img/nutri/콜라겐/200400200061785.jpg
200400200082459,이너비 콜렉티브 콜라겐,콜라겐,주식회사 노바렉스,고유의 향미가 있고 이미·이취가 없는 점박이를 포함한 분홍빛 하얀색의 탁한 자줏빛 분홍색 장방형 제피 정제,"Collactive 콜라겐펩타이드(제2012-24호), 비타민 C, 판토텐산, 비오틴","1일 1회, 1회 3정을 충분한 물과 함께 섭취하십시오.","(국문) 피부 보습에 도움을 줄 수 있음 (영문) May help to moisturize skin
①결합조직 형성과 기능유지에 필요②철의 흡수에 필요③항산화 작용을 하여 유해산소로부터 세포를 보호하는데 필요
(1) 지방, 탄수화물, 단백질 대사와 에너지 생성에 필요
(1) 지방, 탄수화물, 단백질 대사와 에너지 생성에 필요","임산부와 수유부는 섭취에 주의하시기 바랍니다.
이상사례 발생 시 섭취를 중단하고 전문가와 상담할 것
어린이, 영유아, 임산부 및 수유부는 섭취에 주의하십시오.
특정 성분에 알레르기가 있으신 분은 섭취 전 반드시 원료명을 확인 후 섭취하십시오.
제품에 포함된 실리카겔(Silica Gel)은 인체에 무해하나 식용이 아니므로 절대 먹지 마세요.",,정,/img/nutri/콜라겐/200400200082459.jpg
200400200082543,더 콜렉티브 콜라겐,콜라겐,주식회사 노바렉스,고유의 향미가 있고 이미·이취가 없는 점박이를 포함한 노란 하얀색의 연한 자줏빛 분홍색 장방형 제피 정제,"Collactive 콜라겐펩타이드(제2012-24호), 비타민 C, 셀레늄(또는 셀렌), 아연, 비타민 D, 비오틴","1일 1회, 1회 3정을 물과 함께 섭취하십시오.","(국문) 피부 보습에 도움을 줄 수 있음 (영문) May help to moisturize skin
①결합조직 형성과 기능유지에 필요②철의 흡수에 필요③항산화 작용을 하여 유해산소로부터 세포를 보호하는데 필요
①유해산소로부터 세포를 보호하는데 필요
①정상적인 면역기능에 필요②정상적인 세포분열에 필요
①칼슘과 인이 흡수되고 이용되는데 필요②뼈의 형성과 유지에 필요③골다공증발생 위험 감소에 도움을 줌
(1) 지방, 탄수화물, 단백질 대사와 에너지 생성에 필요","소비기한을 확인 후 섭취하시기 바라며, 섭취량 및 섭취방법을 준수하시기 바랍니다.
임산부, 수유부, 특이체질, 알레르기체질이신 경우 성분을 확인 후 섭취하시기 바랍니다.
임산부와 수유부는 섭취에 주의하시기 바랍니다.
(가) 고칼슘혈증이 있거나 의약품 복용 시 전문가와 상담할 것
(나) 이상사례 발생 시 섭취를 중단하고 전문가와 상담할 것
(1) 이상사례 발생 시 섭취를 중단하고 전문가와 상담할 것",,정,/img/nutri/콜라겐/200400200082543.jpg
200400200082589,에버콜라겐 인앤업비오틴 셀,콜라겐,주식회사 노바렉스,고유의 향미가 있고 이미·이취가 없는 분홍빛 하얀색의 흰색 장방형 제피 정제,"저분자콜라겐펩타이드(제2013-30호), 비타민 C, 아연, 셀레늄(또는 셀렌), 비타민 D, 비오틴","1일 1회, 1회 2정(1정당 750mg)을 물과 함께 섭취하십시오.","(국문) ① 피부 보습에 도움을 줄 수 있음
         ② 자외선에 의한 피부손상으로부터 피부 건강을 유지하는데 도움을 줄 수 있음
(영문) ① May help to maintain skin moisturizing
          ② May help to maintain skin health from skin damage by UV radiation
①결합조직 형성과 기능유지에 필요②철의 흡수에 필요③항산화 작용을 하여 유해산소로부터 세포를 보호하는데 필요
①정상적인 면역기능에 필요②정상적인 세포분열에 필요
①유해산소로부터 세포를 보호하는데 필요
①칼슘과 인이 흡수되고 이용되는데 필요②뼈의 형성과 유지에 필요③골다공증발생 위험 감소에 도움을 줌
(1) 지방, 탄수화물, 단백질 대사와 에너지 생성에 필요","특정질환, 특이체질, 알레르기체질, 임산부의 경우에는 간혹 개인에 따라 과민반응이 나타날 수 있으므로 원료를 확인하시고, 섭취전에 전문가와 상담하시기 바랍니다.
영·유아, 어린이, 임산부, 수유부는 섭취에 주의
고칼슘혈증이 있거나 의약품 복용 시 전문가와 상담할 것
이상사례 발생 시 섭취를 중단하고 전문가와 상담할 것
(1) 이상사례 발생 시 섭취를 중단하고 전문가와 상담할 것
1. 영ㆍ유아, 어린이, 임산부, 수유부는 섭취에 주의
2. 특이체질, 알레르기 체질이신 분은 성분을 확인한 후 섭취
3. 고칼슘혈증이 있거나 의약품 복용 시 전문가와 상담할 것	
4. 흡습이 잘되는 원료가 포함되어 있어 병 내 손 삽입 금지
5. 제품 내 습기제거제 섭취 금지
6. 이상사례 발생 시 섭취를 중단하고 전문가와 상담할 것",,정,/img/nutri/콜라겐/200400200082589.jpg
200400200082645,에버콜라겐 인앤업 시그니처,콜라겐,주식회사 노바렉스,고유의 향미가 있고 이미·이취가 없는 하얀색의 하얀색 장방형 제피 정제,저분자콜라겐펩타이드(제2013-30호),"1일 2회, 1회 2정(1정당 900mg)을 물과 함께 섭취하십시오.","(국문) ① 피부 보습에 도움을 줄 수 있음
         ② 자외선에 의한 피부손상으로부터 피부 건강을 유지하는데 도움을 줄 수 있음
         ③관절 및 연골 건강에 도움을 줄 수 있음
(영문) ① May help to maintain skin moisturizing
          ② May help to maintain skin health from skin damage by UV radiation
          ③ May help to maintain joint and cartilage health","1) 영유〮아, 어린이, 임산부, 수유부는 섭취에 주의
2) 특이체질, 알레르기 체질이신 분은 성분을 확인한 후 섭취
3) 흡습이 잘 되는 원료가 포함되어 있어 병 내 손 삽입 금지
4) 제품 내 습기제거제 섭취 금지
5) 이상사례 발생 시, 섭취를 중단하고 전문가와 상담할 것",,정,/img/nutri/콜라겐/200400200082645.jpg
200400200082651,라이필 더마 콜라겐 비오틴 업,콜라겐,주식회사 노바렉스,고유의 향미가 있고 이미·이취가 없는 점박이를 포함한 흰 노란색의 탁한 자줏빛 분홍색 장방형 제피 정제,"저분자콜라겐펩타이드NS(제2019-20호), 셀레늄(또는 셀렌), 비타민 C, 비타민 A, 비오틴","1일 1회, 1회 3정 (1정당 800 mg)을 물과 함께 섭취하십시오.","[저분자콜레간펩타이드NS]
-자외선에 의한 피부손상으로부터 피부건강을 유지하는데  도움을 줄 수 있음
-피부보습에 도움을 줄 수 있음
May help to maintain skin health from skin damage by UV radiation
May help to maintain skin moisturizing
[셀렌] ①유해산소로부터 세포를 보호하는데 필요
[비타민C] ①결합조직 형성과 기능유지에 필요②철의 흡수에 필요③항산화 작용을 하여 유해산소로부터 세포를 보호하는데 필요
[비타민A] ①어두운 곳에서 시각 적응을 위해 필요②피부와 점막을 형성하고 기능을 유지하는데 필요③상피세포의 성장과 발달에 필요
[비오틴] (1) 지방, 탄수화물, 단백질 대사와 에너지 생성에 필요","특정질환, 특이체질, 알레르기체질, 임산부의 경우에는 간혹 개인에 따라 과민반응이 나타날 수 있으므로 원료를 확인하시고, 섭취전에 전문가와 상담하시기 바랍니다.
-영·유아, 어린이, 임산부와 수유부는 섭취에 주의
-특정 질환(알레르기 체질 등)이 있는 분은 섭취에 주의
-이상사례 발생 시 섭취를 중단하고 전문가와 상담할 것",,정,/img/nutri/콜라겐/200400200082651.jpg
